{
	"credit": "Made with Blockbench",
	"texture_size": [32, 32],
	"textures": {
		"0": "fort.png",
		"particle": "fort.png"
	},
	"elements": [
		{
			"from": [8.1, 5, 5.9],
			"to": [12.1, 9, 10.1],
			"rotation": {"angle": -22.5, "axis": "z", "origin": [9, 7, 8]},
			"faces": {
				"north": {"uv": [0, 0, 2, 2], "texture": "#0"},
				"east": {"uv": [0, 2, 2, 4], "texture": "#0"},
				"south": {"uv": [2, 0, 4, 2], "texture": "#0"},
				"west": {"uv": [2, 2, 4, 4], "texture": "#0"},
				"up": {"uv": [2, 6, 0, 4], "texture": "#0"},
				"down": {"uv": [6, 0, 4, 2], "texture": "#0"}
			}
		},
		{
			"from": [7.7, 0.9, 6],
			"to": [9.7, 4.9, 10],
			"rotation": {"angle": -22.5, "axis": "z", "origin": [8.7, 2.9, 8]},
			"faces": {
				"north": {"uv": [8.5, 0, 9.5, 2], "texture": "#0"},
				"east": {"uv": [2, 4, 4, 6], "texture": "#0"},
				"south": {"uv": [2, 8.5, 3, 10.5], "texture": "#0"},
				"west": {"uv": [4, 2, 6, 4], "texture": "#0"},
				"up": {"uv": [9.5, 4, 8.5, 2], "texture": "#0"},
				"down": {"uv": [4, 8.5, 3, 10.5], "texture": "#0"}
			}
		},
		{
			"from": [4.5, 0.1, 8.65],
			"to": [8.5, 2.1, 10.65],
			"rotation": {"angle": 22.5, "axis": "y", "origin": [6.5, 1.1, 9.65]},
			"faces": {
				"north": {"uv": [4, 8.5, 6, 9.5], "texture": "#0"},
				"east": {"uv": [5, 9.5, 6, 10.5], "texture": "#0"},
				"south": {"uv": [8.5, 4, 10.5, 5], "texture": "#0"},
				"west": {"uv": [6, 9.5, 7, 10.5], "texture": "#0"},
				"up": {"uv": [10.5, 6, 8.5, 5], "texture": "#0"},
				"down": {"uv": [8, 8.5, 6, 9.5], "texture": "#0"}
			}
		},
		{
			"from": [8.575, 0.75, 4.125],
			"to": [10.075, 4.75, 5.875],
			"rotation": {"angle": 22.5, "axis": "x", "origin": [9.075, 2.75, 5]},
			"faces": {
				"north": {"uv": [9, 6, 10, 8], "texture": "#0"},
				"east": {"uv": [8, 9, 9, 11], "texture": "#0"},
				"south": {"uv": [9, 8, 10, 10], "texture": "#0"},
				"west": {"uv": [0, 9.5, 1, 11.5], "texture": "#0"},
				"up": {"uv": [8, 10.5, 7, 9.5], "texture": "#0"},
				"down": {"uv": [11, 6, 10, 7], "texture": "#0"}
			}
		},
		{
			"from": [8.575, 0.75, 10.125],
			"to": [10.075, 4.75, 11.875],
			"rotation": {"angle": -22.5, "axis": "x", "origin": [9.075, 2.75, 11]},
			"faces": {
				"north": {"uv": [0, 7.5, 1, 9.5], "texture": "#0"},
				"east": {"uv": [1, 7.5, 2, 9.5], "texture": "#0"},
				"south": {"uv": [7.5, 1.5, 8.5, 3.5], "texture": "#0"},
				"west": {"uv": [8, 7, 9, 9], "texture": "#0"},
				"up": {"uv": [2, 10.5, 1, 9.5], "texture": "#0"},
				"down": {"uv": [5, 9.5, 4, 10.5], "texture": "#0"}
			}
		},
		{
			"from": [4.5, 0.1, 5.35],
			"to": [8.5, 2.1, 7.35],
			"rotation": {"angle": -22.5, "axis": "y", "origin": [6.5, 1.1, 6.35]},
			"faces": {
				"north": {"uv": [9.5, 0, 11.5, 1], "texture": "#0"},
				"east": {"uv": [10, 7, 11, 8], "texture": "#0"},
				"south": {"uv": [9.5, 1, 11.5, 2], "texture": "#0"},
				"west": {"uv": [10, 8, 11, 9], "texture": "#0"},
				"up": {"uv": [11.5, 3, 9.5, 2], "texture": "#0"},
				"down": {"uv": [11.5, 3, 9.5, 4], "texture": "#0"}
			}
		},
		{
			"from": [7.75851, 6.66956, 5.6],
			"to": [7.75851, 9.96956, 10.35],
			"rotation": {"angle": -22.5, "axis": "z", "origin": [7.15851, 6.51956, 7.1875]},
			"faces": {
				"north": {"uv": [0, 0, 0, 1.5], "texture": "#0"},
				"east": {"uv": [4, 4, 6.5, 5.5], "texture": "#0"},
				"south": {"uv": [0, 0, 0, 1.5], "texture": "#0"},
				"west": {"uv": [4, 5.5, 6.5, 7], "texture": "#0"},
				"up": {"uv": [0, 2.5, 0, 0], "texture": "#0"},
				"down": {"uv": [0, 0, 0, 2.5], "texture": "#0"}
			}
		},
		{
			"from": [8.09601, 6.66956, 5.4875],
			"to": [11.84601, 9.96956, 5.4875],
			"rotation": {"angle": -22.5, "axis": "z", "origin": [7.15851, 6.51956, 7.1875]},
			"faces": {
				"north": {"uv": [6.5, 4, 8.5, 5.5], "texture": "#0"},
				"east": {"uv": [0, 0, 0, 1.5], "texture": "#0"},
				"south": {"uv": [6.5, 5.5, 8.5, 7], "texture": "#0"},
				"west": {"uv": [0, 0, 0, 1.5], "texture": "#0"},
				"up": {"uv": [2, 0, 0, 0], "texture": "#0"},
				"down": {"uv": [2, 0, 0, 0], "texture": "#0"}
			}
		},
		{
			"from": [8.09601, 6.66956, 10.4875],
			"to": [11.84601, 9.96956, 10.4875],
			"rotation": {"angle": -22.5, "axis": "z", "origin": [7.15851, 6.51956, 7.1875]},
			"faces": {
				"north": {"uv": [4, 7, 6, 8.5], "texture": "#0"},
				"east": {"uv": [0, 0, 0, 1.5], "texture": "#0"},
				"south": {"uv": [6, 7, 8, 8.5], "texture": "#0"},
				"west": {"uv": [0, 0, 0, 1.5], "texture": "#0"},
				"up": {"uv": [2, 0, 0, 0], "texture": "#0"},
				"down": {"uv": [2, 0, 0, 0], "texture": "#0"}
			}
		},
		{
			"from": [11.90851, 6.66956, 5.6],
			"to": [11.90851, 9.96956, 10.35],
			"rotation": {"angle": -22.5, "axis": "z", "origin": [7.15851, 6.51956, 7.1875]},
			"faces": {
				"north": {"uv": [0, 0, 0, 1.5], "texture": "#0"},
				"east": {"uv": [0, 6, 2.5, 7.5], "texture": "#0"},
				"south": {"uv": [0, 0, 0, 1.5], "texture": "#0"},
				"west": {"uv": [6, 0, 8.5, 1.5], "texture": "#0"},
				"up": {"uv": [0, 2.5, 0, 0], "texture": "#0"},
				"down": {"uv": [0, 0, 0, 2.5], "texture": "#0"}
			}
		},
		{
			"from": [9.05114, 7.81255, 5.6],
			"to": [12.35114, 7.81255, 10.35],
			"rotation": {"angle": -22.5, "axis": "z", "origin": [13.00114, 8.21255, 2.975]},
			"faces": {
				"north": {"uv": [0, 0, 1.5, 0], "texture": "#0"},
				"east": {"uv": [0, 0, 2.5, 0], "texture": "#0"},
				"south": {"uv": [0, 0, 1.5, 0], "texture": "#0"},
				"west": {"uv": [0, 0, 2.5, 0], "texture": "#0"},
				"up": {"uv": [7.5, 4, 6, 1.5], "texture": "#0"},
				"down": {"uv": [4, 6, 2.5, 8.5], "texture": "#0"}
			}
		}
	],
	"overrides": [
		{"predicate": {"custom_model_data": 1}, "model": "item/plushiebdubs"},
		{"predicate": {"custom_model_data": 2}, "model": "item/plushiebdubscreate"},
		{"predicate": {"custom_model_data": 3}, "model": "item/plushiebdubstwo"},
		{"predicate": {"custom_model_data": 4}, "model": "item/plushiecubfan"},
		{"predicate": {"custom_model_data": 5}, "model": "item/plushiedocm"},
		{"predicate": {"custom_model_data": 6}, "model": "item/plushieetho"},
		{"predicate": {"custom_model_data": 7}, "model": "item/plushiefalse"},
		{"predicate": {"custom_model_data": 8}, "model": "item/plushiegeminitay"},
		{"predicate": {"custom_model_data": 9}, "model": "item/plushiegrian"},
		{"predicate": {"custom_model_data": 10}, "model": "item/plushiegrumbot"},
		{"predicate": {"custom_model_data": 11}, "model": "item/plushiegtwscar"},
		{"predicate": {"custom_model_data": 12}, "model": "item/plushiegtwscarcreate"},
		{"predicate": {"custom_model_data": 13}, "model": "item/plushiegtwscarelf"},
		{"predicate": {"custom_model_data": 14}, "model": "item/plushiegtwscarhotguy"},
		{"predicate": {"custom_model_data": 15}, "model": "item/plushiegtwscarland"},
		{"predicate": {"custom_model_data": 16}, "model": "item/plushiehypno"},
		{"predicate": {"custom_model_data": 17}, "model": "item/plushieijevin"},
		{"predicate": {"custom_model_data": 18}, "model": "item/plushieimpulse"},
		{"predicate": {"custom_model_data": 19}, "model": "item/plushieimpulsedwarf"},
		{"predicate": {"custom_model_data": 20}, "model": "item/plushieiskall"},
		{"predicate": {"custom_model_data": 21}, "model": "item/plushiejellie"},
		{"predicate": {"custom_model_data": 22}, "model": "item/plushiejoehills"},
		{"predicate": {"custom_model_data": 23}, "model": "item/plushiejoehillsjhost"},
		{"predicate": {"custom_model_data": 24}, "model": "item/plushiekeralis"},
		{"predicate": {"custom_model_data": 25}, "model": "item/plushiekeraliscreate"},
		{"predicate": {"custom_model_data": 26}, "model": "item/plushiemumbo"},
		{"predicate": {"custom_model_data": 27}, "model": "item/plushiepearl"},
		{"predicate": {"custom_model_data": 28}, "model": "item/plushiepearlcleaning"},
		{"predicate": {"custom_model_data": 29}, "model": "item/plushierenthedog"},
		{"predicate": {"custom_model_data": 30}, "model": "item/plushierentheking"},
		{"predicate": {"custom_model_data": 31}, "model": "item/plushiestress"},
		{"predicate": {"custom_model_data": 32}, "model": "item/plushiestressgg"},
		{"predicate": {"custom_model_data": 33}, "model": "item/plushietango"},
		{"predicate": {"custom_model_data": 34}, "model": "item/plushietangocreate"},
		{"predicate": {"custom_model_data": 35}, "model": "item/plushietangodungeonmaster"},
		{"predicate": {"custom_model_data": 36}, "model": "item/plushietfc"},
		{"predicate": {"custom_model_data": 37}, "model": "item/plushievintagebeef"},
		{"predicate": {"custom_model_data": 38}, "model": "item/plushievintagebeeftwo"},
		{"predicate": {"custom_model_data": 39}, "model": "item/plushiewelsknight"},
		{"predicate": {"custom_model_data": 40}, "model": "item/plushiewhelsknight"},
		{"predicate": {"custom_model_data": 41}, "model": "item/plushiexbcrafted"},
		{"predicate": {"custom_model_data": 42}, "model": "item/plushiexisuma"},
		{"predicate": {"custom_model_data": 43}, "model": "item/plushiexisumabone"},
		{"predicate": {"custom_model_data": 44}, "model": "item/plushiexisumaevil"},
		{"predicate": {"custom_model_data": 45}, "model": "item/plushiezedaph"},
		{"predicate": {"custom_model_data": 46}, "model": "item/plushiezedaphadvance"},
		{"predicate": {"custom_model_data": 47}, "model": "item/plushiezedaphcreate"},
		{"predicate": {"custom_model_data": 48}, "model": "item/plushiezombiecleo"},
		{"predicate": {"custom_model_data": 49}, "model": "item/plushiezombiecleogorgon"},
		{"predicate": {"custom_model_data": 50}, "model": "item/plushiepixlriffs"},
		{"predicate": {"custom_model_data": 51}, "model": "item/plushiezloyxp"},
		{"predicate": {"custom_model_data": 52}, "model": "item/plushielyarrah"},
		{"predicate": {"custom_model_data": 53}, "model": "item/plushiegriande"}
	],
	"display": {
		"thirdperson_righthand": {
			"translation": [0, 6.5, 0]
		},
		"thirdperson_lefthand": {
			"rotation": [70, 85, 10],
			"translation": [0, -1.25, 19]
		},
		"firstperson_righthand": {
			"translation": [0, 5, 0]
		},
		"firstperson_lefthand": {
			"rotation": [0, 180, 0],
			"translation": [0, 5, 0]
		},
		"ground": {
			"translation": [0, 4, 0]
		},
		"gui": {
			"rotation": [0, 90, 0]
		},
		"head": {
			"rotation": [0, -90, 0],
			"translation": [0, 15, 0]
		},
		"fixed": {
			"rotation": [-15, -90, 80],
			"translation": [0, -0.25, -15.25],
			"scale": [2, 2, 2]
		}
	},
	"groups": [
		{
			"name": "doll",
			"origin": [-15.10038, 7.0162, 11.33756],
			"color": 0,
			"children": [0, 1, 2, 3, 4, 5]
		},
		{
			"name": "group",
			"origin": [7, 8.25, 7.4375],
			"color": 0,
			"children": [6, 7, 8, 9, 10]
		}
	]
}