{
	"credit": "Made with Blockbench",
	"texture_size": [64, 64],
	"textures": {
		"1": "santa_hats/purple_hat",
		"particle": "santa_hats/purple_hat"
	},
	"elements": [
		{
			"name": "rim",
			"from": [3, 5, 3],
			"to": [13, 7, 13],
			"rotation": {"angle": 0, "axis": "y", "origin": [8, 0, 8]},
			"faces": {
				"north": {"uv": [4.75, 2.5, 7.25, 3], "texture": "#1"},
				"east": {"uv": [4.75, 3, 7.25, 3.5], "texture": "#1"},
				"south": {"uv": [4.75, 3.5, 7.25, 4], "texture": "#1"},
				"west": {"uv": [4.75, 4, 7.25, 4.5], "texture": "#1"},
				"up": {"uv": [2.5, 2.5, 0, 0], "texture": "#1"},
				"down": {"uv": [2.5, 2.5, 0, 5], "texture": "#1"}
			}
		},
		{
			"name": "hat_base",
			"from": [3.5, 7, 3.5],
			"to": [12.5, 9, 12.5],
			"faces": {
				"north": {"uv": [0, 5, 2.25, 5.5], "texture": "#1"},
				"east": {"uv": [0, 5.5, 2.25, 6], "texture": "#1"},
				"south": {"uv": [0, 6, 2.25, 6.5], "texture": "#1"},
				"west": {"uv": [6.25, 0, 8.5, 0.5], "texture": "#1"},
				"up": {"uv": [4.75, 4.75, 2.5, 2.5], "texture": "#1"},
				"down": {"uv": [4.75, 0, 2.5, 2.25], "texture": "#1"}
			}
		},
		{
			"name": "hat_mid",
			"from": [4.5, 8.5, 4.5],
			"to": [12, 10.5, 11.5],
			"faces": {
				"north": {"uv": [6.25, 0.5, 8.25, 1], "texture": "#1"},
				"east": {"uv": [6.25, 1.5, 8, 2], "texture": "#1"},
				"south": {"uv": [6.25, 1, 8.25, 1.5], "texture": "#1"},
				"west": {"uv": [6.25, 2, 8, 2.5], "texture": "#1"},
				"up": {"uv": [4.5, 6.5, 2.5, 4.75], "texture": "#1"},
				"down": {"uv": [6.5, 4.75, 4.5, 6.5], "texture": "#1"}
			}
		},
		{
			"name": "hat_upper",
			"from": [5.5, 9.5, 5.5],
			"to": [11.5, 11.5, 10.5],
			"faces": {
				"north": {"uv": [0, 6.5, 1.5, 7], "texture": "#1"},
				"east": {"uv": [3, 6.5, 4.25, 7], "texture": "#1"},
				"south": {"uv": [1.5, 6.5, 3, 7], "texture": "#1"},
				"west": {"uv": [4.25, 6.5, 5.5, 7], "texture": "#1"},
				"up": {"uv": [6.25, 1.25, 4.75, 0], "texture": "#1"},
				"down": {"uv": [6.25, 1.25, 4.75, 2.5], "texture": "#1"}
			}
		},
		{
			"name": "stem_upper",
			"from": [8, 10, 7],
			"to": [13, 12, 9],
			"rotation": {"angle": 0, "axis": "y", "origin": [19, 19, 15]},
			"faces": {
				"north": {"uv": [5.5, 6.5, 6.75, 7], "texture": "#1"},
				"east": {"uv": [3, 7, 3.5, 7.5], "texture": "#1"},
				"south": {"uv": [6.5, 4.5, 7.75, 5], "texture": "#1"},
				"west": {"uv": [3.5, 7, 4, 7.5], "texture": "#1"},
				"up": {"uv": [7.75, 5.5, 6.5, 5], "texture": "#1"},
				"down": {"uv": [7.75, 5.5, 6.5, 6], "texture": "#1"}
			}
		},
		{
			"name": "stem_lower",
			"from": [12, 10, 6.95],
			"to": [14, 11.5, 9.05],
			"rotation": {"angle": 0, "axis": "y", "origin": [20, 18, 15]},
			"faces": {
				"north": {"uv": [4, 7, 4.5, 7.5], "texture": "#1"},
				"east": {"uv": [4.5, 7, 5, 7.5], "texture": "#1"},
				"south": {"uv": [5, 7, 5.5, 7.5], "texture": "#1"},
				"west": {"uv": [5.5, 7, 6, 7.5], "texture": "#1"},
				"up": {"uv": [6.5, 7.5, 6, 7], "texture": "#1"},
				"down": {"uv": [7.75, 2.5, 7.25, 3], "texture": "#1"}
			}
		},
		{
			"name": "dangly_bit",
			"from": [12, 8, 6.75],
			"to": [14.5, 10.5, 9.25],
			"rotation": {"angle": 0, "axis": "y", "origin": [22, 17, 15]},
			"faces": {
				"north": {"uv": [6.75, 6.75, 7.5, 7.5], "texture": "#1"},
				"east": {"uv": [6.75, 6, 7.5, 6.75], "texture": "#1"},
				"south": {"uv": [0, 7, 0.75, 7.75], "texture": "#1"},
				"west": {"uv": [0.75, 7, 1.5, 7.75], "texture": "#1"},
				"up": {"uv": [2.25, 7.75, 1.5, 7], "texture": "#1"},
				"down": {"uv": [3, 7, 2.25, 7.75], "texture": "#1"}
			}
		}
	],
	"display": {
		"thirdperson_righthand": {
			"rotation": [75, 45, 0],
			"translation": [0, 1.5, 1],
			"scale": [0.375, 0.375, 0.375]
		},
		"thirdperson_lefthand": {
			"rotation": [75, 45, 0],
			"translation": [0, 1.5, 1],
			"scale": [0.375, 0.375, 0.375]
		},
		"firstperson_righthand": {
			"rotation": [0, 45, 0],
			"translation": [0, 1.5, 0],
			"scale": [0.6, 0.6, 0.6]
		},
		"firstperson_lefthand": {
			"rotation": [0, 225, 0],
			"translation": [0, 1.5, 0],
			"scale": [0.6, 0.6, 0.6]
		},
		"ground": {
			"scale": [0.4, 0.4, 0.4]
		},
		"gui": {
			"rotation": [30, 135, 0]
		},
		"head": {
			"translation": [0, 7, 0],
			"scale": [1.65, 1.65, 1.65]
		}
	},
	"groups": [
		{
			"name": "headwear",
			"origin": [-5, 2, -5],
			"children": [0,
				{
					"name": "red_part",
					"origin": [3.5, 2.1, -3.5],
					"children": [1,
						{
							"name": "mid_hat",
							"origin": [2, 6.1, -2],
							"children": [2,
								{
									"name": "upper_hat",
									"origin": [0.5, 10.1, -0.5],
									"children": [3, 4, 5, 6]
								}
							]
						}
					]
				}
			]
		}
	]
}