{
  "sources": [
    {
      "type": "paletted_permutations",
      "textures": [
        "trims/items/leggings_trim",
        "trims/items/chestplate_trim",
        "trims/items/helmet_trim",
        "trims/items/boots_trim"
      ],
      "palette_key": "trims/color_palettes/trim_palette",
      "permutations": {
        "quartz": "trims/color_palettes/quartz",
        "iron": "trims/color_palettes/iron",
        "gold": "trims/color_palettes/gold",
        "diamond": "trims/color_palettes/diamond",
        "netherite": "trims/color_palettes/netherite",
        "redstone": "trims/color_palettes/redstone",
        "copper": "trims/color_palettes/copper",
        "emerald": "trims/color_palettes/emerald",
        "lapis": "trims/color_palettes/lapis",
        "amethyst": "trims/color_palettes/amethyst",
		"iron_darker": "trims/color_palettes/iron_darker",
        "gold_darker": "trims/color_palettes/gold_darker",
        "diamond_darker": "trims/color_palettes/diamond_darker",
        "netherite_darker": "trims/color_palettes/netherite_darker",
		"coal": "trimsexpanded:trims/color_palettes/coal",
		"echo": "trimsexpanded:trims/color_palettes/echo",
		"ender": "trimsexpanded:trims/color_palettes/ender",
		"glowstone": "trimsexpanded:trims/color_palettes/glowstone",
		"leather": "trimsexpanded:trims/color_palettes/leather",
		"netherbrick": "trimsexpanded:trims/color_palettes/netherbrick",
		"prismarine": "trimsexpanded:trims/color_palettes/prismarine",
		"rabbit": "trimsexpanded:trims/color_palettes/rabbit",
		"slime": "trimsexpanded:trims/color_palettes/slime"
      }
    }
  ]
}
