{
	"credit": "Created with Blockbench",
	"texture_size": [128, 128],
	"textures": {
		"0": "cheesesteak_pringles",
		"particle": "cheesesteak_pringles"
	},
	"elements": [
		{
			"from": [5, 0, 5],
			"to": [11, 30, 11],
			"faces": {
				"north": {"uv": [0.75, 0.75, 1.5, 4.5], "texture": "#0"},
				"east": {"uv": [0, 0.75, 0.75, 4.5], "texture": "#0"},
				"south": {"uv": [2.25, 0.75, 3, 4.5], "texture": "#0"},
				"west": {"uv": [1.5, 0.75, 2.25, 4.5], "texture": "#0"},
				"up": {"uv": [1.5, 0.75, 0.75, 0], "rotation": 90, "texture": "#0"},
				"down": {"uv": [2.25, 0, 1.5, 0.75], "texture": "#0"}
			}
		},
		{
			"from": [11, 0, 5],
			"to": [13, 30, 11],
			"faces": {
				"north": {"uv": [3.75, 0.75, 4, 4.5], "texture": "#0"},
				"east": {"uv": [3, 0.75, 3.75, 4.5], "texture": "#0"},
				"south": {"uv": [4.75, 0.75, 5, 4.5], "texture": "#0"},
				"west": {"uv": [4, 0.75, 4.75, 4.5], "texture": "#0"},
				"up": {"uv": [4, 0.75, 3.75, 0], "texture": "#0"},
				"down": {"uv": [4.25, 0, 4, 0.75], "texture": "#0"}
			}
		},
		{
			"from": [5, 0, 11],
			"to": [11, 30, 13],
			"faces": {
				"north": {"uv": [0.25, 4.75, 1, 8.5], "texture": "#0"},
				"east": {"uv": [0, 4.75, 0.25, 8.5], "texture": "#0"},
				"south": {"uv": [1.25, 4.75, 2, 8.5], "texture": "#0"},
				"west": {"uv": [1, 4.75, 1.25, 8.5], "texture": "#0"},
				"up": {"uv": [1, 4.75, 0.25, 4.5], "texture": "#0"},
				"down": {"uv": [1.75, 4.5, 1, 4.75], "texture": "#0"}
			}
		},
		{
			"from": [3, 0, 5],
			"to": [5, 30, 11],
			"faces": {
				"north": {"uv": [5, 4.5, 5.25, 8.25], "texture": "#0"},
				"east": {"uv": [4.25, 4.5, 5, 8.25], "texture": "#0"},
				"south": {"uv": [6, 4.5, 6.25, 8.25], "texture": "#0"},
				"west": {"uv": [5.25, 4.5, 6, 8.25], "texture": "#0"},
				"up": {"uv": [5.25, 4.5, 5, 3.75], "texture": "#0"},
				"down": {"uv": [5.5, 3.75, 5.25, 4.5], "texture": "#0"}
			}
		},
		{
			"from": [5, 0, 3],
			"to": [11, 30, 5],
			"faces": {
				"north": {"uv": [2.25, 4.75, 3, 8.5], "texture": "#0"},
				"east": {"uv": [2, 4.75, 2.25, 8.5], "texture": "#0"},
				"south": {"uv": [3.25, 4.75, 4, 8.5], "texture": "#0"},
				"west": {"uv": [3, 4.75, 3.25, 8.5], "texture": "#0"},
				"up": {"uv": [3, 4.75, 2.25, 4.5], "texture": "#0"},
				"down": {"uv": [3.75, 4.5, 3, 4.75], "texture": "#0"}
			}
		}
	],
	"display": {
		"thirdperson_righthand": {
			"rotation": [0, 180, 0],
			"scale": [0.35, 0.35, 0.35]
		},
		"thirdperson_lefthand": {
			"rotation": [0, 180, 0],
			"scale": [0.35, 0.35, 0.35]
		},
		"firstperson_righthand": {
			"rotation": [0, 13, 0],
			"scale": [0.35, 0.35, 0.35]
		},
		"firstperson_lefthand": {
			"scale": [0.35, 0.35, 0.35]
		},
		"ground": {
			"rotation": [0, 180, 0],
			"scale": [0.35, 0.35, 0.35]
		},
		"gui": {
			"rotation": [9, -19, -13],
			"translation": [0, -3.5, 0],
			"scale": [0.5, 0.5, 0.5]
		},
		"head": {
			"rotation": [0, 180, 0],
			"translation": [0, 10.5, 0],
			"scale": [0.5, 0.5, 0.5]
		},
		"fixed": {
			"rotation": [-90, 180, 0],
			"translation": [0, 0, -5.75],
			"scale": [0.7, 0.7, 0.7]
		}
	},
	"groups": [
		{
			"name": "group",
			"origin": [8, 8, 8],
			"children": [0, 1, 2]
		},
		{
			"name": "group",
			"origin": [8, 8, 8],
			"children": [3, 4, 5]
		}
	]
}