{
	"credit": "Created with Blockbench",
	"texture_size": [128, 128],
	"textures": {
		"0": "./cheesesteak_pringles",
		"particle": "./cheesesteak_pringles"
	},
	"elements": [
		{
			"from": [-12, 1, 23],
			"to": [-6, 31, 29],
			"faces": {
				"north": {"uv": [0.75, 0.75, 1.5, 4.5], "texture": "#0"},
				"east": {"uv": [0, 0.75, 0.75, 4.5], "texture": "#0"},
				"south": {"uv": [2.25, 0.75, 3, 4.5], "texture": "#0"},
				"west": {"uv": [1.5, 0.75, 2.25, 4.5], "texture": "#0"},
				"up": {"uv": [1.5, 0.75, 0.75, 0], "rotation": 90, "texture": "#0"},
				"down": {"uv": [2.25, 0, 1.5, 0.75], "texture": "#0"}
			}
		},
		{
			"from": [-6, 1, 23],
			"to": [-4, 31, 29],
			"faces": {
				"north": {"uv": [3.75, 0.75, 4, 4.5], "texture": "#0"},
				"east": {"uv": [3, 0.75, 3.75, 4.5], "texture": "#0"},
				"south": {"uv": [4.75, 0.75, 5, 4.5], "texture": "#0"},
				"west": {"uv": [4, 0.75, 4.75, 4.5], "texture": "#0"},
				"up": {"uv": [4, 0.75, 3.75, 0], "texture": "#0"},
				"down": {"uv": [4.25, 0, 4, 0.75], "texture": "#0"}
			}
		},
		{
			"from": [-12, 1, 29],
			"to": [-6, 31, 31],
			"faces": {
				"north": {"uv": [0.25, 4.75, 1, 8.5], "texture": "#0"},
				"east": {"uv": [0, 4.75, 0.25, 8.5], "texture": "#0"},
				"south": {"uv": [1.25, 4.75, 2, 8.5], "texture": "#0"},
				"west": {"uv": [1, 4.75, 1.25, 8.5], "texture": "#0"},
				"up": {"uv": [1, 4.75, 0.25, 4.5], "texture": "#0"},
				"down": {"uv": [1.75, 4.5, 1, 4.75], "texture": "#0"}
			}
		},
		{
			"from": [-14, 1, 23],
			"to": [-12, 31, 29],
			"faces": {
				"north": {"uv": [5, 4.5, 5.25, 8.25], "texture": "#0"},
				"east": {"uv": [4.25, 4.5, 5, 8.25], "texture": "#0"},
				"south": {"uv": [6, 4.5, 6.25, 8.25], "texture": "#0"},
				"west": {"uv": [5.25, 4.5, 6, 8.25], "texture": "#0"},
				"up": {"uv": [5.25, 4.5, 5, 3.75], "texture": "#0"},
				"down": {"uv": [5.5, 3.75, 5.25, 4.5], "texture": "#0"}
			}
		},
		{
			"from": [-12, 1, 21],
			"to": [-6, 31, 23],
			"faces": {
				"north": {"uv": [2.25, 4.75, 3, 8.5], "texture": "#0"},
				"east": {"uv": [2, 4.75, 2.25, 8.5], "texture": "#0"},
				"south": {"uv": [3.25, 4.75, 4, 8.5], "texture": "#0"},
				"west": {"uv": [3, 4.75, 3.25, 8.5], "texture": "#0"},
				"up": {"uv": [3, 4.75, 2.25, 4.5], "texture": "#0"},
				"down": {"uv": [3.75, 4.5, 3, 4.75], "texture": "#0"}
			}
		},
		{
			"from": [-1, 1, 23],
			"to": [5, 31, 29],
			"faces": {
				"north": {"uv": [0.75, 0.75, 1.5, 4.5], "texture": "#0"},
				"east": {"uv": [0, 0.75, 0.75, 4.5], "texture": "#0"},
				"south": {"uv": [2.25, 0.75, 3, 4.5], "texture": "#0"},
				"west": {"uv": [1.5, 0.75, 2.25, 4.5], "texture": "#0"},
				"up": {"uv": [1.5, 0.75, 0.75, 0], "rotation": 90, "texture": "#0"},
				"down": {"uv": [2.25, 0, 1.5, 0.75], "texture": "#0"}
			}
		},
		{
			"from": [5, 1, 23],
			"to": [7, 31, 29],
			"faces": {
				"north": {"uv": [3.75, 0.75, 4, 4.5], "texture": "#0"},
				"east": {"uv": [3, 0.75, 3.75, 4.5], "texture": "#0"},
				"south": {"uv": [4.75, 0.75, 5, 4.5], "texture": "#0"},
				"west": {"uv": [4, 0.75, 4.75, 4.5], "texture": "#0"},
				"up": {"uv": [4, 0.75, 3.75, 0], "texture": "#0"},
				"down": {"uv": [4.25, 0, 4, 0.75], "texture": "#0"}
			}
		},
		{
			"from": [-1, 1, 29],
			"to": [5, 31, 31],
			"faces": {
				"north": {"uv": [0.25, 4.75, 1, 8.5], "texture": "#0"},
				"east": {"uv": [0, 4.75, 0.25, 8.5], "texture": "#0"},
				"south": {"uv": [1.25, 4.75, 2, 8.5], "texture": "#0"},
				"west": {"uv": [1, 4.75, 1.25, 8.5], "texture": "#0"},
				"up": {"uv": [1, 4.75, 0.25, 4.5], "texture": "#0"},
				"down": {"uv": [1.75, 4.5, 1, 4.75], "texture": "#0"}
			}
		},
		{
			"from": [-3, 1, 23],
			"to": [-1, 31, 29],
			"faces": {
				"north": {"uv": [5, 4.5, 5.25, 8.25], "texture": "#0"},
				"east": {"uv": [4.25, 4.5, 5, 8.25], "texture": "#0"},
				"south": {"uv": [6, 4.5, 6.25, 8.25], "texture": "#0"},
				"west": {"uv": [5.25, 4.5, 6, 8.25], "texture": "#0"},
				"up": {"uv": [5.25, 4.5, 5, 3.75], "texture": "#0"},
				"down": {"uv": [5.5, 3.75, 5.25, 4.5], "texture": "#0"}
			}
		},
		{
			"from": [-1, 1, 21],
			"to": [5, 31, 23],
			"faces": {
				"north": {"uv": [2.25, 4.75, 3, 8.5], "texture": "#0"},
				"east": {"uv": [2, 4.75, 2.25, 8.5], "texture": "#0"},
				"south": {"uv": [3.25, 4.75, 4, 8.5], "texture": "#0"},
				"west": {"uv": [3, 4.75, 3.25, 8.5], "texture": "#0"},
				"up": {"uv": [3, 4.75, 2.25, 4.5], "texture": "#0"},
				"down": {"uv": [3.75, 4.5, 3, 4.75], "texture": "#0"}
			}
		},
		{
			"from": [11, 1, 23],
			"to": [17, 31, 29],
			"faces": {
				"north": {"uv": [0.75, 0.75, 1.5, 4.5], "texture": "#0"},
				"east": {"uv": [0, 0.75, 0.75, 4.5], "texture": "#0"},
				"south": {"uv": [2.25, 0.75, 3, 4.5], "texture": "#0"},
				"west": {"uv": [1.5, 0.75, 2.25, 4.5], "texture": "#0"},
				"up": {"uv": [1.5, 0.75, 0.75, 0], "rotation": 90, "texture": "#0"},
				"down": {"uv": [2.25, 0, 1.5, 0.75], "texture": "#0"}
			}
		},
		{
			"from": [17, 1, 23],
			"to": [19, 31, 29],
			"faces": {
				"north": {"uv": [3.75, 0.75, 4, 4.5], "texture": "#0"},
				"east": {"uv": [3, 0.75, 3.75, 4.5], "texture": "#0"},
				"south": {"uv": [4.75, 0.75, 5, 4.5], "texture": "#0"},
				"west": {"uv": [4, 0.75, 4.75, 4.5], "texture": "#0"},
				"up": {"uv": [4, 0.75, 3.75, 0], "texture": "#0"},
				"down": {"uv": [4.25, 0, 4, 0.75], "texture": "#0"}
			}
		},
		{
			"from": [11, 1, 29],
			"to": [17, 31, 31],
			"faces": {
				"north": {"uv": [0.25, 4.75, 1, 8.5], "texture": "#0"},
				"east": {"uv": [0, 4.75, 0.25, 8.5], "texture": "#0"},
				"south": {"uv": [1.25, 4.75, 2, 8.5], "texture": "#0"},
				"west": {"uv": [1, 4.75, 1.25, 8.5], "texture": "#0"},
				"up": {"uv": [1, 4.75, 0.25, 4.5], "texture": "#0"},
				"down": {"uv": [1.75, 4.5, 1, 4.75], "texture": "#0"}
			}
		},
		{
			"from": [9, 1, 23],
			"to": [11, 31, 29],
			"faces": {
				"north": {"uv": [5, 4.5, 5.25, 8.25], "texture": "#0"},
				"east": {"uv": [4.25, 4.5, 5, 8.25], "texture": "#0"},
				"south": {"uv": [6, 4.5, 6.25, 8.25], "texture": "#0"},
				"west": {"uv": [5.25, 4.5, 6, 8.25], "texture": "#0"},
				"up": {"uv": [5.25, 4.5, 5, 3.75], "texture": "#0"},
				"down": {"uv": [5.5, 3.75, 5.25, 4.5], "texture": "#0"}
			}
		},
		{
			"from": [11, 1, 21],
			"to": [17, 31, 23],
			"faces": {
				"north": {"uv": [2.25, 4.75, 3, 8.5], "texture": "#0"},
				"east": {"uv": [2, 4.75, 2.25, 8.5], "texture": "#0"},
				"south": {"uv": [3.25, 4.75, 4, 8.5], "texture": "#0"},
				"west": {"uv": [3, 4.75, 3.25, 8.5], "texture": "#0"},
				"up": {"uv": [3, 4.75, 2.25, 4.5], "texture": "#0"},
				"down": {"uv": [3.75, 4.5, 3, 4.75], "texture": "#0"}
			}
		},
		{
			"from": [22, 1, 22],
			"to": [28, 31, 28],
			"faces": {
				"north": {"uv": [0.75, 0.75, 1.5, 4.5], "texture": "#0"},
				"east": {"uv": [0, 0.75, 0.75, 4.5], "texture": "#0"},
				"south": {"uv": [2.25, 0.75, 3, 4.5], "texture": "#0"},
				"west": {"uv": [1.5, 0.75, 2.25, 4.5], "texture": "#0"},
				"up": {"uv": [1.5, 0.75, 0.75, 0], "rotation": 90, "texture": "#0"},
				"down": {"uv": [2.25, 0, 1.5, 0.75], "texture": "#0"}
			}
		},
		{
			"from": [28, 1, 22],
			"to": [30, 31, 28],
			"faces": {
				"north": {"uv": [3.75, 0.75, 4, 4.5], "texture": "#0"},
				"east": {"uv": [3, 0.75, 3.75, 4.5], "texture": "#0"},
				"south": {"uv": [4.75, 0.75, 5, 4.5], "texture": "#0"},
				"west": {"uv": [4, 0.75, 4.75, 4.5], "texture": "#0"},
				"up": {"uv": [4, 0.75, 3.75, 0], "texture": "#0"},
				"down": {"uv": [4.25, 0, 4, 0.75], "texture": "#0"}
			}
		},
		{
			"from": [22, 1, 28],
			"to": [28, 31, 30],
			"faces": {
				"north": {"uv": [0.25, 4.75, 1, 8.5], "texture": "#0"},
				"east": {"uv": [0, 4.75, 0.25, 8.5], "texture": "#0"},
				"south": {"uv": [1.25, 4.75, 2, 8.5], "texture": "#0"},
				"west": {"uv": [1, 4.75, 1.25, 8.5], "texture": "#0"},
				"up": {"uv": [1, 4.75, 0.25, 4.5], "texture": "#0"},
				"down": {"uv": [1.75, 4.5, 1, 4.75], "texture": "#0"}
			}
		},
		{
			"from": [20, 1, 22],
			"to": [22, 31, 28],
			"faces": {
				"north": {"uv": [5, 4.5, 5.25, 8.25], "texture": "#0"},
				"east": {"uv": [4.25, 4.5, 5, 8.25], "texture": "#0"},
				"south": {"uv": [6, 4.5, 6.25, 8.25], "texture": "#0"},
				"west": {"uv": [5.25, 4.5, 6, 8.25], "texture": "#0"},
				"up": {"uv": [5.25, 4.5, 5, 3.75], "texture": "#0"},
				"down": {"uv": [5.5, 3.75, 5.25, 4.5], "texture": "#0"}
			}
		},
		{
			"from": [22, 1, 20],
			"to": [28, 31, 22],
			"faces": {
				"north": {"uv": [2.25, 4.75, 3, 8.5], "texture": "#0"},
				"east": {"uv": [2, 4.75, 2.25, 8.5], "texture": "#0"},
				"south": {"uv": [3.25, 4.75, 4, 8.5], "texture": "#0"},
				"west": {"uv": [3, 4.75, 3.25, 8.5], "texture": "#0"},
				"up": {"uv": [3, 4.75, 2.25, 4.5], "texture": "#0"},
				"down": {"uv": [3.75, 4.5, 3, 4.75], "texture": "#0"}
			}
		},
		{
			"from": [22, 1, 11],
			"to": [28, 31, 17],
			"faces": {
				"north": {"uv": [0.75, 0.75, 1.5, 4.5], "texture": "#0"},
				"east": {"uv": [0, 0.75, 0.75, 4.5], "texture": "#0"},
				"south": {"uv": [2.25, 0.75, 3, 4.5], "texture": "#0"},
				"west": {"uv": [1.5, 0.75, 2.25, 4.5], "texture": "#0"},
				"up": {"uv": [1.5, 0.75, 0.75, 0], "rotation": 90, "texture": "#0"},
				"down": {"uv": [2.25, 0, 1.5, 0.75], "texture": "#0"}
			}
		},
		{
			"from": [28, 1, 11],
			"to": [30, 31, 17],
			"faces": {
				"north": {"uv": [3.75, 0.75, 4, 4.5], "texture": "#0"},
				"east": {"uv": [3, 0.75, 3.75, 4.5], "texture": "#0"},
				"south": {"uv": [4.75, 0.75, 5, 4.5], "texture": "#0"},
				"west": {"uv": [4, 0.75, 4.75, 4.5], "texture": "#0"},
				"up": {"uv": [4, 0.75, 3.75, 0], "texture": "#0"},
				"down": {"uv": [4.25, 0, 4, 0.75], "texture": "#0"}
			}
		},
		{
			"from": [22, 1, 17],
			"to": [28, 31, 19],
			"faces": {
				"north": {"uv": [0.25, 4.75, 1, 8.5], "texture": "#0"},
				"east": {"uv": [0, 4.75, 0.25, 8.5], "texture": "#0"},
				"south": {"uv": [1.25, 4.75, 2, 8.5], "texture": "#0"},
				"west": {"uv": [1, 4.75, 1.25, 8.5], "texture": "#0"},
				"up": {"uv": [1, 4.75, 0.25, 4.5], "texture": "#0"},
				"down": {"uv": [1.75, 4.5, 1, 4.75], "texture": "#0"}
			}
		},
		{
			"from": [20, 1, 11],
			"to": [22, 31, 17],
			"faces": {
				"north": {"uv": [5, 4.5, 5.25, 8.25], "texture": "#0"},
				"east": {"uv": [4.25, 4.5, 5, 8.25], "texture": "#0"},
				"south": {"uv": [6, 4.5, 6.25, 8.25], "texture": "#0"},
				"west": {"uv": [5.25, 4.5, 6, 8.25], "texture": "#0"},
				"up": {"uv": [5.25, 4.5, 5, 3.75], "texture": "#0"},
				"down": {"uv": [5.5, 3.75, 5.25, 4.5], "texture": "#0"}
			}
		},
		{
			"from": [22, 1, 9],
			"to": [28, 31, 11],
			"faces": {
				"north": {"uv": [2.25, 4.75, 3, 8.5], "texture": "#0"},
				"east": {"uv": [2, 4.75, 2.25, 8.5], "texture": "#0"},
				"south": {"uv": [3.25, 4.75, 4, 8.5], "texture": "#0"},
				"west": {"uv": [3, 4.75, 3.25, 8.5], "texture": "#0"},
				"up": {"uv": [3, 4.75, 2.25, 4.5], "texture": "#0"},
				"down": {"uv": [3.75, 4.5, 3, 4.75], "texture": "#0"}
			}
		},
		{
			"from": [22, 1, -1],
			"to": [28, 31, 5],
			"faces": {
				"north": {"uv": [0.75, 0.75, 1.5, 4.5], "texture": "#0"},
				"east": {"uv": [0, 0.75, 0.75, 4.5], "texture": "#0"},
				"south": {"uv": [2.25, 0.75, 3, 4.5], "texture": "#0"},
				"west": {"uv": [1.5, 0.75, 2.25, 4.5], "texture": "#0"},
				"up": {"uv": [1.5, 0.75, 0.75, 0], "rotation": 90, "texture": "#0"},
				"down": {"uv": [2.25, 0, 1.5, 0.75], "texture": "#0"}
			}
		},
		{
			"from": [28, 1, -1],
			"to": [30, 31, 5],
			"faces": {
				"north": {"uv": [3.75, 0.75, 4, 4.5], "texture": "#0"},
				"east": {"uv": [3, 0.75, 3.75, 4.5], "texture": "#0"},
				"south": {"uv": [4.75, 0.75, 5, 4.5], "texture": "#0"},
				"west": {"uv": [4, 0.75, 4.75, 4.5], "texture": "#0"},
				"up": {"uv": [4, 0.75, 3.75, 0], "texture": "#0"},
				"down": {"uv": [4.25, 0, 4, 0.75], "texture": "#0"}
			}
		},
		{
			"from": [22, 1, 5],
			"to": [28, 31, 7],
			"faces": {
				"north": {"uv": [0.25, 4.75, 1, 8.5], "texture": "#0"},
				"east": {"uv": [0, 4.75, 0.25, 8.5], "texture": "#0"},
				"south": {"uv": [1.25, 4.75, 2, 8.5], "texture": "#0"},
				"west": {"uv": [1, 4.75, 1.25, 8.5], "texture": "#0"},
				"up": {"uv": [1, 4.75, 0.25, 4.5], "texture": "#0"},
				"down": {"uv": [1.75, 4.5, 1, 4.75], "texture": "#0"}
			}
		},
		{
			"from": [20, 1, -1],
			"to": [22, 31, 5],
			"faces": {
				"north": {"uv": [5, 4.5, 5.25, 8.25], "texture": "#0"},
				"east": {"uv": [4.25, 4.5, 5, 8.25], "texture": "#0"},
				"south": {"uv": [6, 4.5, 6.25, 8.25], "texture": "#0"},
				"west": {"uv": [5.25, 4.5, 6, 8.25], "texture": "#0"},
				"up": {"uv": [5.25, 4.5, 5, 3.75], "texture": "#0"},
				"down": {"uv": [5.5, 3.75, 5.25, 4.5], "texture": "#0"}
			}
		},
		{
			"from": [22, 1, -3],
			"to": [28, 31, -1],
			"faces": {
				"north": {"uv": [2.25, 4.75, 3, 8.5], "texture": "#0"},
				"east": {"uv": [2, 4.75, 2.25, 8.5], "texture": "#0"},
				"south": {"uv": [3.25, 4.75, 4, 8.5], "texture": "#0"},
				"west": {"uv": [3, 4.75, 3.25, 8.5], "texture": "#0"},
				"up": {"uv": [3, 4.75, 2.25, 4.5], "texture": "#0"},
				"down": {"uv": [3.75, 4.5, 3, 4.75], "texture": "#0"}
			}
		},
		{
			"from": [22, 1, -12],
			"to": [28, 31, -6],
			"faces": {
				"north": {"uv": [0.75, 0.75, 1.5, 4.5], "texture": "#0"},
				"east": {"uv": [0, 0.75, 0.75, 4.5], "texture": "#0"},
				"south": {"uv": [2.25, 0.75, 3, 4.5], "texture": "#0"},
				"west": {"uv": [1.5, 0.75, 2.25, 4.5], "texture": "#0"},
				"up": {"uv": [1.5, 0.75, 0.75, 0], "rotation": 90, "texture": "#0"},
				"down": {"uv": [2.25, 0, 1.5, 0.75], "texture": "#0"}
			}
		},
		{
			"from": [28, 1, -12],
			"to": [30, 31, -6],
			"faces": {
				"north": {"uv": [3.75, 0.75, 4, 4.5], "texture": "#0"},
				"east": {"uv": [3, 0.75, 3.75, 4.5], "texture": "#0"},
				"south": {"uv": [4.75, 0.75, 5, 4.5], "texture": "#0"},
				"west": {"uv": [4, 0.75, 4.75, 4.5], "texture": "#0"},
				"up": {"uv": [4, 0.75, 3.75, 0], "texture": "#0"},
				"down": {"uv": [4.25, 0, 4, 0.75], "texture": "#0"}
			}
		},
		{
			"from": [22, 1, -6],
			"to": [28, 31, -4],
			"faces": {
				"north": {"uv": [0.25, 4.75, 1, 8.5], "texture": "#0"},
				"east": {"uv": [0, 4.75, 0.25, 8.5], "texture": "#0"},
				"south": {"uv": [1.25, 4.75, 2, 8.5], "texture": "#0"},
				"west": {"uv": [1, 4.75, 1.25, 8.5], "texture": "#0"},
				"up": {"uv": [1, 4.75, 0.25, 4.5], "texture": "#0"},
				"down": {"uv": [1.75, 4.5, 1, 4.75], "texture": "#0"}
			}
		},
		{
			"from": [20, 1, -12],
			"to": [22, 31, -6],
			"faces": {
				"north": {"uv": [5, 4.5, 5.25, 8.25], "texture": "#0"},
				"east": {"uv": [4.25, 4.5, 5, 8.25], "texture": "#0"},
				"south": {"uv": [6, 4.5, 6.25, 8.25], "texture": "#0"},
				"west": {"uv": [5.25, 4.5, 6, 8.25], "texture": "#0"},
				"up": {"uv": [5.25, 4.5, 5, 3.75], "texture": "#0"},
				"down": {"uv": [5.5, 3.75, 5.25, 4.5], "texture": "#0"}
			}
		},
		{
			"from": [22, 1, -14],
			"to": [28, 31, -12],
			"faces": {
				"north": {"uv": [2.25, 4.75, 3, 8.5], "texture": "#0"},
				"east": {"uv": [2, 4.75, 2.25, 8.5], "texture": "#0"},
				"south": {"uv": [3.25, 4.75, 4, 8.5], "texture": "#0"},
				"west": {"uv": [3, 4.75, 3.25, 8.5], "texture": "#0"},
				"up": {"uv": [3, 4.75, 2.25, 4.5], "texture": "#0"},
				"down": {"uv": [3.75, 4.5, 3, 4.75], "texture": "#0"}
			}
		},
		{
			"from": [11, 1, 11],
			"to": [17, 31, 17],
			"faces": {
				"north": {"uv": [0.75, 0.75, 1.5, 4.5], "texture": "#0"},
				"east": {"uv": [0, 0.75, 0.75, 4.5], "texture": "#0"},
				"south": {"uv": [2.25, 0.75, 3, 4.5], "texture": "#0"},
				"west": {"uv": [1.5, 0.75, 2.25, 4.5], "texture": "#0"},
				"up": {"uv": [1.5, 0.75, 0.75, 0], "rotation": 90, "texture": "#0"},
				"down": {"uv": [2.25, 0, 1.5, 0.75], "texture": "#0"}
			}
		},
		{
			"from": [17, 1, 11],
			"to": [19, 31, 17],
			"faces": {
				"north": {"uv": [3.75, 0.75, 4, 4.5], "texture": "#0"},
				"east": {"uv": [3, 0.75, 3.75, 4.5], "texture": "#0"},
				"south": {"uv": [4.75, 0.75, 5, 4.5], "texture": "#0"},
				"west": {"uv": [4, 0.75, 4.75, 4.5], "texture": "#0"},
				"up": {"uv": [4, 0.75, 3.75, 0], "texture": "#0"},
				"down": {"uv": [4.25, 0, 4, 0.75], "texture": "#0"}
			}
		},
		{
			"from": [11, 1, 17],
			"to": [17, 31, 19],
			"faces": {
				"north": {"uv": [0.25, 4.75, 1, 8.5], "texture": "#0"},
				"east": {"uv": [0, 4.75, 0.25, 8.5], "texture": "#0"},
				"south": {"uv": [1.25, 4.75, 2, 8.5], "texture": "#0"},
				"west": {"uv": [1, 4.75, 1.25, 8.5], "texture": "#0"},
				"up": {"uv": [1, 4.75, 0.25, 4.5], "texture": "#0"},
				"down": {"uv": [1.75, 4.5, 1, 4.75], "texture": "#0"}
			}
		},
		{
			"from": [9, 1, 11],
			"to": [11, 31, 17],
			"faces": {
				"north": {"uv": [5, 4.5, 5.25, 8.25], "texture": "#0"},
				"east": {"uv": [4.25, 4.5, 5, 8.25], "texture": "#0"},
				"south": {"uv": [6, 4.5, 6.25, 8.25], "texture": "#0"},
				"west": {"uv": [5.25, 4.5, 6, 8.25], "texture": "#0"},
				"up": {"uv": [5.25, 4.5, 5, 3.75], "texture": "#0"},
				"down": {"uv": [5.5, 3.75, 5.25, 4.5], "texture": "#0"}
			}
		},
		{
			"from": [11, 1, 9],
			"to": [17, 31, 11],
			"faces": {
				"north": {"uv": [2.25, 4.75, 3, 8.5], "texture": "#0"},
				"east": {"uv": [2, 4.75, 2.25, 8.5], "texture": "#0"},
				"south": {"uv": [3.25, 4.75, 4, 8.5], "texture": "#0"},
				"west": {"uv": [3, 4.75, 3.25, 8.5], "texture": "#0"},
				"up": {"uv": [3, 4.75, 2.25, 4.5], "texture": "#0"},
				"down": {"uv": [3.75, 4.5, 3, 4.75], "texture": "#0"}
			}
		},
		{
			"from": [-1, 1, 11],
			"to": [5, 31, 17],
			"faces": {
				"north": {"uv": [0.75, 0.75, 1.5, 4.5], "texture": "#0"},
				"east": {"uv": [0, 0.75, 0.75, 4.5], "texture": "#0"},
				"south": {"uv": [2.25, 0.75, 3, 4.5], "texture": "#0"},
				"west": {"uv": [1.5, 0.75, 2.25, 4.5], "texture": "#0"},
				"up": {"uv": [1.5, 0.75, 0.75, 0], "rotation": 90, "texture": "#0"},
				"down": {"uv": [2.25, 0, 1.5, 0.75], "texture": "#0"}
			}
		},
		{
			"from": [5, 1, 11],
			"to": [7, 31, 17],
			"faces": {
				"north": {"uv": [3.75, 0.75, 4, 4.5], "texture": "#0"},
				"east": {"uv": [3, 0.75, 3.75, 4.5], "texture": "#0"},
				"south": {"uv": [4.75, 0.75, 5, 4.5], "texture": "#0"},
				"west": {"uv": [4, 0.75, 4.75, 4.5], "texture": "#0"},
				"up": {"uv": [4, 0.75, 3.75, 0], "texture": "#0"},
				"down": {"uv": [4.25, 0, 4, 0.75], "texture": "#0"}
			}
		},
		{
			"from": [-1, 1, 17],
			"to": [5, 31, 19],
			"faces": {
				"north": {"uv": [0.25, 4.75, 1, 8.5], "texture": "#0"},
				"east": {"uv": [0, 4.75, 0.25, 8.5], "texture": "#0"},
				"south": {"uv": [1.25, 4.75, 2, 8.5], "texture": "#0"},
				"west": {"uv": [1, 4.75, 1.25, 8.5], "texture": "#0"},
				"up": {"uv": [1, 4.75, 0.25, 4.5], "texture": "#0"},
				"down": {"uv": [1.75, 4.5, 1, 4.75], "texture": "#0"}
			}
		},
		{
			"from": [-3, 1, 11],
			"to": [-1, 31, 17],
			"faces": {
				"north": {"uv": [5, 4.5, 5.25, 8.25], "texture": "#0"},
				"east": {"uv": [4.25, 4.5, 5, 8.25], "texture": "#0"},
				"south": {"uv": [6, 4.5, 6.25, 8.25], "texture": "#0"},
				"west": {"uv": [5.25, 4.5, 6, 8.25], "texture": "#0"},
				"up": {"uv": [5.25, 4.5, 5, 3.75], "texture": "#0"},
				"down": {"uv": [5.5, 3.75, 5.25, 4.5], "texture": "#0"}
			}
		},
		{
			"from": [-1, 1, 9],
			"to": [5, 31, 11],
			"faces": {
				"north": {"uv": [2.25, 4.75, 3, 8.5], "texture": "#0"},
				"east": {"uv": [2, 4.75, 2.25, 8.5], "texture": "#0"},
				"south": {"uv": [3.25, 4.75, 4, 8.5], "texture": "#0"},
				"west": {"uv": [3, 4.75, 3.25, 8.5], "texture": "#0"},
				"up": {"uv": [3, 4.75, 2.25, 4.5], "texture": "#0"},
				"down": {"uv": [3.75, 4.5, 3, 4.75], "texture": "#0"}
			}
		},
		{
			"from": [-12, 1, 11],
			"to": [-6, 31, 17],
			"faces": {
				"north": {"uv": [0.75, 0.75, 1.5, 4.5], "texture": "#0"},
				"east": {"uv": [0, 0.75, 0.75, 4.5], "texture": "#0"},
				"south": {"uv": [2.25, 0.75, 3, 4.5], "texture": "#0"},
				"west": {"uv": [1.5, 0.75, 2.25, 4.5], "texture": "#0"},
				"up": {"uv": [1.5, 0.75, 0.75, 0], "rotation": 90, "texture": "#0"},
				"down": {"uv": [2.25, 0, 1.5, 0.75], "texture": "#0"}
			}
		},
		{
			"from": [-6, 1, 11],
			"to": [-4, 31, 17],
			"faces": {
				"north": {"uv": [3.75, 0.75, 4, 4.5], "texture": "#0"},
				"east": {"uv": [3, 0.75, 3.75, 4.5], "texture": "#0"},
				"south": {"uv": [4.75, 0.75, 5, 4.5], "texture": "#0"},
				"west": {"uv": [4, 0.75, 4.75, 4.5], "texture": "#0"},
				"up": {"uv": [4, 0.75, 3.75, 0], "texture": "#0"},
				"down": {"uv": [4.25, 0, 4, 0.75], "texture": "#0"}
			}
		},
		{
			"from": [-12, 1, 17],
			"to": [-6, 31, 19],
			"faces": {
				"north": {"uv": [0.25, 4.75, 1, 8.5], "texture": "#0"},
				"east": {"uv": [0, 4.75, 0.25, 8.5], "texture": "#0"},
				"south": {"uv": [1.25, 4.75, 2, 8.5], "texture": "#0"},
				"west": {"uv": [1, 4.75, 1.25, 8.5], "texture": "#0"},
				"up": {"uv": [1, 4.75, 0.25, 4.5], "texture": "#0"},
				"down": {"uv": [1.75, 4.5, 1, 4.75], "texture": "#0"}
			}
		},
		{
			"from": [-14, 1, 11],
			"to": [-12, 31, 17],
			"faces": {
				"north": {"uv": [5, 4.5, 5.25, 8.25], "texture": "#0"},
				"east": {"uv": [4.25, 4.5, 5, 8.25], "texture": "#0"},
				"south": {"uv": [6, 4.5, 6.25, 8.25], "texture": "#0"},
				"west": {"uv": [5.25, 4.5, 6, 8.25], "texture": "#0"},
				"up": {"uv": [5.25, 4.5, 5, 3.75], "texture": "#0"},
				"down": {"uv": [5.5, 3.75, 5.25, 4.5], "texture": "#0"}
			}
		},
		{
			"from": [-12, 1, 9],
			"to": [-6, 31, 11],
			"faces": {
				"north": {"uv": [2.25, 4.75, 3, 8.5], "texture": "#0"},
				"east": {"uv": [2, 4.75, 2.25, 8.5], "texture": "#0"},
				"south": {"uv": [3.25, 4.75, 4, 8.5], "texture": "#0"},
				"west": {"uv": [3, 4.75, 3.25, 8.5], "texture": "#0"},
				"up": {"uv": [3, 4.75, 2.25, 4.5], "texture": "#0"},
				"down": {"uv": [3.75, 4.5, 3, 4.75], "texture": "#0"}
			}
		},
		{
			"from": [11, 1, -1],
			"to": [17, 31, 5],
			"faces": {
				"north": {"uv": [0.75, 0.75, 1.5, 4.5], "texture": "#0"},
				"east": {"uv": [0, 0.75, 0.75, 4.5], "texture": "#0"},
				"south": {"uv": [2.25, 0.75, 3, 4.5], "texture": "#0"},
				"west": {"uv": [1.5, 0.75, 2.25, 4.5], "texture": "#0"},
				"up": {"uv": [1.5, 0.75, 0.75, 0], "rotation": 90, "texture": "#0"},
				"down": {"uv": [2.25, 0, 1.5, 0.75], "texture": "#0"}
			}
		},
		{
			"from": [17, 1, -1],
			"to": [19, 31, 5],
			"faces": {
				"north": {"uv": [3.75, 0.75, 4, 4.5], "texture": "#0"},
				"east": {"uv": [3, 0.75, 3.75, 4.5], "texture": "#0"},
				"south": {"uv": [4.75, 0.75, 5, 4.5], "texture": "#0"},
				"west": {"uv": [4, 0.75, 4.75, 4.5], "texture": "#0"},
				"up": {"uv": [4, 0.75, 3.75, 0], "texture": "#0"},
				"down": {"uv": [4.25, 0, 4, 0.75], "texture": "#0"}
			}
		},
		{
			"from": [11, 1, 5],
			"to": [17, 31, 7],
			"faces": {
				"north": {"uv": [0.25, 4.75, 1, 8.5], "texture": "#0"},
				"east": {"uv": [0, 4.75, 0.25, 8.5], "texture": "#0"},
				"south": {"uv": [1.25, 4.75, 2, 8.5], "texture": "#0"},
				"west": {"uv": [1, 4.75, 1.25, 8.5], "texture": "#0"},
				"up": {"uv": [1, 4.75, 0.25, 4.5], "texture": "#0"},
				"down": {"uv": [1.75, 4.5, 1, 4.75], "texture": "#0"}
			}
		},
		{
			"from": [9, 1, -1],
			"to": [11, 31, 5],
			"faces": {
				"north": {"uv": [5, 4.5, 5.25, 8.25], "texture": "#0"},
				"east": {"uv": [4.25, 4.5, 5, 8.25], "texture": "#0"},
				"south": {"uv": [6, 4.5, 6.25, 8.25], "texture": "#0"},
				"west": {"uv": [5.25, 4.5, 6, 8.25], "texture": "#0"},
				"up": {"uv": [5.25, 4.5, 5, 3.75], "texture": "#0"},
				"down": {"uv": [5.5, 3.75, 5.25, 4.5], "texture": "#0"}
			}
		},
		{
			"from": [11, 1, -3],
			"to": [17, 31, -1],
			"faces": {
				"north": {"uv": [2.25, 4.75, 3, 8.5], "texture": "#0"},
				"east": {"uv": [2, 4.75, 2.25, 8.5], "texture": "#0"},
				"south": {"uv": [3.25, 4.75, 4, 8.5], "texture": "#0"},
				"west": {"uv": [3, 4.75, 3.25, 8.5], "texture": "#0"},
				"up": {"uv": [3, 4.75, 2.25, 4.5], "texture": "#0"},
				"down": {"uv": [3.75, 4.5, 3, 4.75], "texture": "#0"}
			}
		},
		{
			"from": [-1, 1, -1],
			"to": [5, 31, 5],
			"faces": {
				"north": {"uv": [0.75, 0.75, 1.5, 4.5], "texture": "#0"},
				"east": {"uv": [0, 0.75, 0.75, 4.5], "texture": "#0"},
				"south": {"uv": [2.25, 0.75, 3, 4.5], "texture": "#0"},
				"west": {"uv": [1.5, 0.75, 2.25, 4.5], "texture": "#0"},
				"up": {"uv": [1.5, 0.75, 0.75, 0], "rotation": 90, "texture": "#0"},
				"down": {"uv": [2.25, 0, 1.5, 0.75], "texture": "#0"}
			}
		},
		{
			"from": [5, 1, -1],
			"to": [7, 31, 5],
			"faces": {
				"north": {"uv": [3.75, 0.75, 4, 4.5], "texture": "#0"},
				"east": {"uv": [3, 0.75, 3.75, 4.5], "texture": "#0"},
				"south": {"uv": [4.75, 0.75, 5, 4.5], "texture": "#0"},
				"west": {"uv": [4, 0.75, 4.75, 4.5], "texture": "#0"},
				"up": {"uv": [4, 0.75, 3.75, 0], "texture": "#0"},
				"down": {"uv": [4.25, 0, 4, 0.75], "texture": "#0"}
			}
		},
		{
			"from": [-1, 1, 5],
			"to": [5, 31, 7],
			"faces": {
				"north": {"uv": [0.25, 4.75, 1, 8.5], "texture": "#0"},
				"east": {"uv": [0, 4.75, 0.25, 8.5], "texture": "#0"},
				"south": {"uv": [1.25, 4.75, 2, 8.5], "texture": "#0"},
				"west": {"uv": [1, 4.75, 1.25, 8.5], "texture": "#0"},
				"up": {"uv": [1, 4.75, 0.25, 4.5], "texture": "#0"},
				"down": {"uv": [1.75, 4.5, 1, 4.75], "texture": "#0"}
			}
		},
		{
			"from": [-3, 1, -1],
			"to": [-1, 31, 5],
			"faces": {
				"north": {"uv": [5, 4.5, 5.25, 8.25], "texture": "#0"},
				"east": {"uv": [4.25, 4.5, 5, 8.25], "texture": "#0"},
				"south": {"uv": [6, 4.5, 6.25, 8.25], "texture": "#0"},
				"west": {"uv": [5.25, 4.5, 6, 8.25], "texture": "#0"},
				"up": {"uv": [5.25, 4.5, 5, 3.75], "texture": "#0"},
				"down": {"uv": [5.5, 3.75, 5.25, 4.5], "texture": "#0"}
			}
		},
		{
			"from": [-1, 1, -3],
			"to": [5, 31, -1],
			"faces": {
				"north": {"uv": [2.25, 4.75, 3, 8.5], "texture": "#0"},
				"east": {"uv": [2, 4.75, 2.25, 8.5], "texture": "#0"},
				"south": {"uv": [3.25, 4.75, 4, 8.5], "texture": "#0"},
				"west": {"uv": [3, 4.75, 3.25, 8.5], "texture": "#0"},
				"up": {"uv": [3, 4.75, 2.25, 4.5], "texture": "#0"},
				"down": {"uv": [3.75, 4.5, 3, 4.75], "texture": "#0"}
			}
		},
		{
			"from": [-12, 1, -1],
			"to": [-6, 31, 5],
			"faces": {
				"north": {"uv": [0.75, 0.75, 1.5, 4.5], "texture": "#0"},
				"east": {"uv": [0, 0.75, 0.75, 4.5], "texture": "#0"},
				"south": {"uv": [2.25, 0.75, 3, 4.5], "texture": "#0"},
				"west": {"uv": [1.5, 0.75, 2.25, 4.5], "texture": "#0"},
				"up": {"uv": [1.5, 0.75, 0.75, 0], "rotation": 90, "texture": "#0"},
				"down": {"uv": [2.25, 0, 1.5, 0.75], "texture": "#0"}
			}
		},
		{
			"from": [-6, 1, -1],
			"to": [-4, 31, 5],
			"faces": {
				"north": {"uv": [3.75, 0.75, 4, 4.5], "texture": "#0"},
				"east": {"uv": [3, 0.75, 3.75, 4.5], "texture": "#0"},
				"south": {"uv": [4.75, 0.75, 5, 4.5], "texture": "#0"},
				"west": {"uv": [4, 0.75, 4.75, 4.5], "texture": "#0"},
				"up": {"uv": [4, 0.75, 3.75, 0], "texture": "#0"},
				"down": {"uv": [4.25, 0, 4, 0.75], "texture": "#0"}
			}
		},
		{
			"from": [-12, 1, 5],
			"to": [-6, 31, 7],
			"faces": {
				"north": {"uv": [0.25, 4.75, 1, 8.5], "texture": "#0"},
				"east": {"uv": [0, 4.75, 0.25, 8.5], "texture": "#0"},
				"south": {"uv": [1.25, 4.75, 2, 8.5], "texture": "#0"},
				"west": {"uv": [1, 4.75, 1.25, 8.5], "texture": "#0"},
				"up": {"uv": [1, 4.75, 0.25, 4.5], "texture": "#0"},
				"down": {"uv": [1.75, 4.5, 1, 4.75], "texture": "#0"}
			}
		},
		{
			"from": [-14, 1, -1],
			"to": [-12, 31, 5],
			"faces": {
				"north": {"uv": [5, 4.5, 5.25, 8.25], "texture": "#0"},
				"east": {"uv": [4.25, 4.5, 5, 8.25], "texture": "#0"},
				"south": {"uv": [6, 4.5, 6.25, 8.25], "texture": "#0"},
				"west": {"uv": [5.25, 4.5, 6, 8.25], "texture": "#0"},
				"up": {"uv": [5.25, 4.5, 5, 3.75], "texture": "#0"},
				"down": {"uv": [5.5, 3.75, 5.25, 4.5], "texture": "#0"}
			}
		},
		{
			"from": [-12, 1, -3],
			"to": [-6, 31, -1],
			"faces": {
				"north": {"uv": [2.25, 4.75, 3, 8.5], "texture": "#0"},
				"east": {"uv": [2, 4.75, 2.25, 8.5], "texture": "#0"},
				"south": {"uv": [3.25, 4.75, 4, 8.5], "texture": "#0"},
				"west": {"uv": [3, 4.75, 3.25, 8.5], "texture": "#0"},
				"up": {"uv": [3, 4.75, 2.25, 4.5], "texture": "#0"},
				"down": {"uv": [3.75, 4.5, 3, 4.75], "texture": "#0"}
			}
		},
		{
			"from": [-12, 1, -12],
			"to": [-6, 31, -6],
			"faces": {
				"north": {"uv": [0.75, 0.75, 1.5, 4.5], "texture": "#0"},
				"east": {"uv": [0, 0.75, 0.75, 4.5], "texture": "#0"},
				"south": {"uv": [2.25, 0.75, 3, 4.5], "texture": "#0"},
				"west": {"uv": [1.5, 0.75, 2.25, 4.5], "texture": "#0"},
				"up": {"uv": [1.5, 0.75, 0.75, 0], "rotation": 90, "texture": "#0"},
				"down": {"uv": [2.25, 0, 1.5, 0.75], "texture": "#0"}
			}
		},
		{
			"from": [-6, 1, -12],
			"to": [-4, 31, -6],
			"faces": {
				"north": {"uv": [3.75, 0.75, 4, 4.5], "texture": "#0"},
				"east": {"uv": [3, 0.75, 3.75, 4.5], "texture": "#0"},
				"south": {"uv": [4.75, 0.75, 5, 4.5], "texture": "#0"},
				"west": {"uv": [4, 0.75, 4.75, 4.5], "texture": "#0"},
				"up": {"uv": [4, 0.75, 3.75, 0], "texture": "#0"},
				"down": {"uv": [4.25, 0, 4, 0.75], "texture": "#0"}
			}
		},
		{
			"from": [-12, 1, -6],
			"to": [-6, 31, -4],
			"faces": {
				"north": {"uv": [0.25, 4.75, 1, 8.5], "texture": "#0"},
				"east": {"uv": [0, 4.75, 0.25, 8.5], "texture": "#0"},
				"south": {"uv": [1.25, 4.75, 2, 8.5], "texture": "#0"},
				"west": {"uv": [1, 4.75, 1.25, 8.5], "texture": "#0"},
				"up": {"uv": [1, 4.75, 0.25, 4.5], "texture": "#0"},
				"down": {"uv": [1.75, 4.5, 1, 4.75], "texture": "#0"}
			}
		},
		{
			"from": [-14, 1, -12],
			"to": [-12, 31, -6],
			"faces": {
				"north": {"uv": [5, 4.5, 5.25, 8.25], "texture": "#0"},
				"east": {"uv": [4.25, 4.5, 5, 8.25], "texture": "#0"},
				"south": {"uv": [6, 4.5, 6.25, 8.25], "texture": "#0"},
				"west": {"uv": [5.25, 4.5, 6, 8.25], "texture": "#0"},
				"up": {"uv": [5.25, 4.5, 5, 3.75], "texture": "#0"},
				"down": {"uv": [5.5, 3.75, 5.25, 4.5], "texture": "#0"}
			}
		},
		{
			"from": [-12, 1, -14],
			"to": [-6, 31, -12],
			"faces": {
				"north": {"uv": [2.25, 4.75, 3, 8.5], "texture": "#0"},
				"east": {"uv": [2, 4.75, 2.25, 8.5], "texture": "#0"},
				"south": {"uv": [3.25, 4.75, 4, 8.5], "texture": "#0"},
				"west": {"uv": [3, 4.75, 3.25, 8.5], "texture": "#0"},
				"up": {"uv": [3, 4.75, 2.25, 4.5], "texture": "#0"},
				"down": {"uv": [3.75, 4.5, 3, 4.75], "texture": "#0"}
			}
		},
		{
			"from": [-1, 1, -12],
			"to": [5, 31, -6],
			"faces": {
				"north": {"uv": [0.75, 0.75, 1.5, 4.5], "texture": "#0"},
				"east": {"uv": [0, 0.75, 0.75, 4.5], "texture": "#0"},
				"south": {"uv": [2.25, 0.75, 3, 4.5], "texture": "#0"},
				"west": {"uv": [1.5, 0.75, 2.25, 4.5], "texture": "#0"},
				"up": {"uv": [1.5, 0.75, 0.75, 0], "rotation": 90, "texture": "#0"},
				"down": {"uv": [2.25, 0, 1.5, 0.75], "texture": "#0"}
			}
		},
		{
			"from": [5, 1, -12],
			"to": [7, 31, -6],
			"faces": {
				"north": {"uv": [3.75, 0.75, 4, 4.5], "texture": "#0"},
				"east": {"uv": [3, 0.75, 3.75, 4.5], "texture": "#0"},
				"south": {"uv": [4.75, 0.75, 5, 4.5], "texture": "#0"},
				"west": {"uv": [4, 0.75, 4.75, 4.5], "texture": "#0"},
				"up": {"uv": [4, 0.75, 3.75, 0], "texture": "#0"},
				"down": {"uv": [4.25, 0, 4, 0.75], "texture": "#0"}
			}
		},
		{
			"from": [-1, 1, -6],
			"to": [5, 31, -4],
			"faces": {
				"north": {"uv": [0.25, 4.75, 1, 8.5], "texture": "#0"},
				"east": {"uv": [0, 4.75, 0.25, 8.5], "texture": "#0"},
				"south": {"uv": [1.25, 4.75, 2, 8.5], "texture": "#0"},
				"west": {"uv": [1, 4.75, 1.25, 8.5], "texture": "#0"},
				"up": {"uv": [1, 4.75, 0.25, 4.5], "texture": "#0"},
				"down": {"uv": [1.75, 4.5, 1, 4.75], "texture": "#0"}
			}
		},
		{
			"from": [-3, 1, -12],
			"to": [-1, 31, -6],
			"faces": {
				"north": {"uv": [5, 4.5, 5.25, 8.25], "texture": "#0"},
				"east": {"uv": [4.25, 4.5, 5, 8.25], "texture": "#0"},
				"south": {"uv": [6, 4.5, 6.25, 8.25], "texture": "#0"},
				"west": {"uv": [5.25, 4.5, 6, 8.25], "texture": "#0"},
				"up": {"uv": [5.25, 4.5, 5, 3.75], "texture": "#0"},
				"down": {"uv": [5.5, 3.75, 5.25, 4.5], "texture": "#0"}
			}
		},
		{
			"from": [-1, 1, -14],
			"to": [5, 31, -12],
			"faces": {
				"north": {"uv": [2.25, 4.75, 3, 8.5], "texture": "#0"},
				"east": {"uv": [2, 4.75, 2.25, 8.5], "texture": "#0"},
				"south": {"uv": [3.25, 4.75, 4, 8.5], "texture": "#0"},
				"west": {"uv": [3, 4.75, 3.25, 8.5], "texture": "#0"},
				"up": {"uv": [3, 4.75, 2.25, 4.5], "texture": "#0"},
				"down": {"uv": [3.75, 4.5, 3, 4.75], "texture": "#0"}
			}
		},
		{
			"from": [11, 1, -12],
			"to": [17, 31, -6],
			"faces": {
				"north": {"uv": [0.75, 0.75, 1.5, 4.5], "texture": "#0"},
				"east": {"uv": [0, 0.75, 0.75, 4.5], "texture": "#0"},
				"south": {"uv": [2.25, 0.75, 3, 4.5], "texture": "#0"},
				"west": {"uv": [1.5, 0.75, 2.25, 4.5], "texture": "#0"},
				"up": {"uv": [1.5, 0.75, 0.75, 0], "rotation": 90, "texture": "#0"},
				"down": {"uv": [2.25, 0, 1.5, 0.75], "texture": "#0"}
			}
		},
		{
			"from": [17, 1, -12],
			"to": [19, 31, -6],
			"faces": {
				"north": {"uv": [3.75, 0.75, 4, 4.5], "texture": "#0"},
				"east": {"uv": [3, 0.75, 3.75, 4.5], "texture": "#0"},
				"south": {"uv": [4.75, 0.75, 5, 4.5], "texture": "#0"},
				"west": {"uv": [4, 0.75, 4.75, 4.5], "texture": "#0"},
				"up": {"uv": [4, 0.75, 3.75, 0], "texture": "#0"},
				"down": {"uv": [4.25, 0, 4, 0.75], "texture": "#0"}
			}
		},
		{
			"from": [11, 1, -6],
			"to": [17, 31, -4],
			"faces": {
				"north": {"uv": [0.25, 4.75, 1, 8.5], "texture": "#0"},
				"east": {"uv": [0, 4.75, 0.25, 8.5], "texture": "#0"},
				"south": {"uv": [1.25, 4.75, 2, 8.5], "texture": "#0"},
				"west": {"uv": [1, 4.75, 1.25, 8.5], "texture": "#0"},
				"up": {"uv": [1, 4.75, 0.25, 4.5], "texture": "#0"},
				"down": {"uv": [1.75, 4.5, 1, 4.75], "texture": "#0"}
			}
		},
		{
			"from": [9, 1, -12],
			"to": [11, 31, -6],
			"faces": {
				"north": {"uv": [5, 4.5, 5.25, 8.25], "texture": "#0"},
				"east": {"uv": [4.25, 4.5, 5, 8.25], "texture": "#0"},
				"south": {"uv": [6, 4.5, 6.25, 8.25], "texture": "#0"},
				"west": {"uv": [5.25, 4.5, 6, 8.25], "texture": "#0"},
				"up": {"uv": [5.25, 4.5, 5, 3.75], "texture": "#0"},
				"down": {"uv": [5.5, 3.75, 5.25, 4.5], "texture": "#0"}
			}
		},
		{
			"from": [11, 1, -14],
			"to": [17, 31, -12],
			"faces": {
				"north": {"uv": [2.25, 4.75, 3, 8.5], "texture": "#0"},
				"east": {"uv": [2, 4.75, 2.25, 8.5], "texture": "#0"},
				"south": {"uv": [3.25, 4.75, 4, 8.5], "texture": "#0"},
				"west": {"uv": [3, 4.75, 3.25, 8.5], "texture": "#0"},
				"up": {"uv": [3, 4.75, 2.25, 4.5], "texture": "#0"},
				"down": {"uv": [3.75, 4.5, 3, 4.75], "texture": "#0"}
			}
		},
		{
			"from": [-16, 0, -16],
			"to": [32, 16, -15],
			"rotation": {"angle": 0, "axis": "y", "origin": [0, 0, 16]},
			"faces": {
				"north": {"uv": [16, 0, 10, 2], "texture": "#0"},
				"east": {"uv": [16, 11.75, 15.875, 13.75], "texture": "#0"},
				"south": {"uv": [16, 11.75, 10.25, 13.75], "texture": "#0"},
				"west": {"uv": [16, 11.75, 15.875, 13.75], "texture": "#0"},
				"up": {"uv": [10, 13.75, 16, 13.625], "texture": "#0"},
				"down": {"uv": [10, 16, 16, 15.875], "texture": "#0"}
			}
		},
		{
			"from": [-16, 0, 31],
			"to": [32, 16, 32],
			"faces": {
				"north": {"uv": [10.25, 11.625, 16, 13.625], "texture": "#0"},
				"east": {"uv": [15.875, 11.75, 16, 13.75], "texture": "#0"},
				"south": {"uv": [10, 0, 16, 2], "texture": "#0"},
				"west": {"uv": [15.875, 11.75, 16, 13.75], "texture": "#0"},
				"up": {"uv": [10, 13.625, 16, 13.75], "texture": "#0"},
				"down": {"uv": [10, 15.875, 16, 16], "texture": "#0"}
			}
		},
		{
			"from": [31, 0, -15],
			"to": [32, 22, 31],
			"faces": {
				"north": {"uv": [15.875, 13.25, 16, 16], "texture": "#0"},
				"east": {"uv": [10.25, 13.25, 16, 16], "texture": "#0"},
				"south": {"uv": [15.875, 13.25, 16, 16], "texture": "#0"},
				"west": {"uv": [10.25, 11, 16, 13.75], "texture": "#0"},
				"up": {"uv": [10.25, 15.875, 16, 16], "rotation": 90, "texture": "#0"},
				"down": {"uv": [10.25, 15.875, 16, 16], "rotation": 270, "texture": "#0"}
			}
		},
		{
			"from": [-16, 0, -15],
			"to": [-15, 22, 31],
			"faces": {
				"north": {"uv": [15.875, 13.25, 16, 16], "texture": "#0"},
				"east": {"uv": [10.25, 11, 16, 13.75], "texture": "#0"},
				"south": {"uv": [15.875, 13.25, 16, 16], "texture": "#0"},
				"west": {"uv": [10.25, 7.5, 16, 10.25], "texture": "#0"},
				"up": {"uv": [10.25, 15.875, 16, 16], "rotation": 90, "texture": "#0"},
				"down": {"uv": [10.25, 15.875, 16, 16], "rotation": 270, "texture": "#0"}
			}
		},
		{
			"from": [-16, 20, 31],
			"to": [32, 22, 32],
			"faces": {
				"north": {"uv": [10, 13.5, 16, 13.75], "texture": "#0"},
				"east": {"uv": [10, 14.375, 10.125, 14.625], "texture": "#0"},
				"south": {"uv": [10, 13.5, 16, 13.75], "texture": "#0"},
				"west": {"uv": [10, 14.375, 10.125, 14.625], "texture": "#0"},
				"up": {"uv": [10, 13.625, 16, 13.75], "texture": "#0"},
				"down": {"uv": [10, 13.625, 16, 13.75], "texture": "#0"}
			}
		},
		{
			"from": [-16, 16, 31],
			"to": [0, 20, 32],
			"faces": {
				"north": {"uv": [13.875, 15.5, 16, 16], "texture": "#0"},
				"east": {"uv": [15.875, 15.5, 16, 16], "texture": "#0"},
				"south": {"uv": [14, 15.5, 16, 16], "texture": "#0"},
				"west": {"uv": [15.875, 15.5, 16, 16], "texture": "#0"},
				"up": {"uv": [13.875, 15.5, 16, 15.625], "texture": "#0"},
				"down": {"uv": [13.875, 15.5, 16, 15.625], "texture": "#0"}
			}
		},
		{
			"from": [16, 16, 31],
			"to": [32, 20, 32],
			"rotation": {"angle": 0, "axis": "y", "origin": [16, 0, 0]},
			"faces": {
				"north": {"uv": [16, 15.5, 13.875, 16], "texture": "#0"},
				"east": {"uv": [16, 15.5, 15.875, 16], "texture": "#0"},
				"south": {"uv": [16, 15.5, 14, 16], "texture": "#0"},
				"west": {"uv": [16, 15.5, 15.875, 16], "texture": "#0"},
				"up": {"uv": [16, 15.5, 13.875, 15.625], "texture": "#0"},
				"down": {"uv": [16, 15.5, 13.875, 15.625], "texture": "#0"}
			}
		},
		{
			"from": [16, 16, -16],
			"to": [32, 20, -15],
			"rotation": {"angle": 0, "axis": "y", "origin": [16, 0, 16]},
			"faces": {
				"north": {"uv": [14, 15.5, 16, 16], "texture": "#0"},
				"east": {"uv": [15.875, 15.5, 16, 16], "texture": "#0"},
				"south": {"uv": [13.875, 15.5, 16, 16], "texture": "#0"},
				"west": {"uv": [15.875, 15.5, 16, 16], "texture": "#0"},
				"up": {"uv": [16, 15.625, 13.875, 15.5], "texture": "#0"},
				"down": {"uv": [16, 15.625, 13.875, 15.5], "texture": "#0"}
			}
		},
		{
			"from": [-16, 16, -16],
			"to": [0, 20, -15],
			"faces": {
				"north": {"uv": [13.875, 15.5, 16, 16], "texture": "#0"},
				"east": {"uv": [13.875, 15.5, 14, 16], "texture": "#0"},
				"south": {"uv": [13.875, 15.5, 16, 16], "texture": "#0"},
				"west": {"uv": [13.875, 15.5, 14, 16], "texture": "#0"},
				"up": {"uv": [13.875, 15.5, 16, 15.625], "texture": "#0"},
				"down": {"uv": [13.875, 15.5, 16, 15.625], "texture": "#0"}
			}
		},
		{
			"from": [-16, 20, -16],
			"to": [32, 22, -15],
			"faces": {
				"north": {"uv": [10, 15.75, 16, 16], "texture": "#0"},
				"east": {"uv": [10, 15.75, 10.125, 16], "texture": "#0"},
				"south": {"uv": [10, 15.75, 16, 16], "texture": "#0"},
				"west": {"uv": [10, 15.75, 10.125, 16], "texture": "#0"},
				"up": {"uv": [10, 15.75, 16, 15.875], "texture": "#0"},
				"down": {"uv": [10, 15.75, 16, 15.875], "texture": "#0"}
			}
		},
		{
			"from": [-15, 0, -15],
			"to": [31, 1, 31],
			"faces": {
				"north": {"uv": [10.25, 10.25, 16, 10.375], "texture": "#0"},
				"east": {"uv": [10.25, 10.25, 16, 10.375], "texture": "#0"},
				"south": {"uv": [10.25, 10.25, 16, 10.375], "texture": "#0"},
				"west": {"uv": [10.25, 10.25, 16, 10.375], "texture": "#0"},
				"up": {"uv": [10.25, 10.25, 16, 13.625], "texture": "#0"},
				"down": {"uv": [10.25, 10.25, 16, 13.625], "texture": "#0"}
			}
		}
	],
	"gui_light": "front",
	"display": {
		"thirdperson_righthand": {
			"rotation": [38, 180, 0],
			"translation": [0, 0, -2],
			"scale": [0.15, 0.15, 0.15]
		},
		"thirdperson_lefthand": {
			"rotation": [43, 180, 0],
			"translation": [0, 0, -2.5],
			"scale": [0.15, 0.15, 0.15]
		},
		"firstperson_righthand": {
			"rotation": [0, 15, 0],
			"scale": [0.15, 0.15, 0.15]
		},
		"firstperson_lefthand": {
			"scale": [0.15, 0.15, 0.15]
		},
		"ground": {
			"rotation": [0, 180, 0],
			"scale": [0.35, 0.35, 0.35]
		},
		"gui": {
			"rotation": [24, 20, 0],
			"translation": [0, -1.75, 0],
			"scale": [0.25, 0.25, 0.25]
		},
		"head": {
			"rotation": [0, 180, 0],
			"translation": [0, 8.5, 0],
			"scale": [0.275, 0.275, 0.275]
		},
		"fixed": {
			"rotation": [-90, 180, 0],
			"translation": [0, 0, -5.25],
			"scale": [0.666, 0.666, 0.666]
		}
	},
	"groups": [
		{
			"name": "Pringles",
			"origin": [0, 0, 0],
			"color": 0,
			"nbt": "{}",
			"children": [0, 1, 2, 3, 4]
		},
		{
			"name": "Pringles",
			"origin": [0, 0, 0],
			"color": 0,
			"nbt": "{}",
			"children": [5, 6, 7, 8, 9]
		},
		{
			"name": "Pringles",
			"origin": [0, 0, 0],
			"color": 0,
			"nbt": "{}",
			"children": [10, 11, 12, 13, 14]
		},
		{
			"name": "Pringles",
			"origin": [0, 0, 0],
			"color": 0,
			"nbt": "{}",
			"children": [15, 16, 17, 18, 19]
		},
		{
			"name": "Pringles",
			"origin": [0, 0, 0],
			"color": 0,
			"nbt": "{}",
			"children": [20, 21, 22, 23, 24]
		},
		{
			"name": "Pringles",
			"origin": [0, 0, 0],
			"color": 0,
			"nbt": "{}",
			"children": [25, 26, 27, 28, 29]
		},
		{
			"name": "Pringles",
			"origin": [0, 0, 0],
			"color": 0,
			"nbt": "{}",
			"children": [30, 31, 32, 33, 34]
		},
		{
			"name": "Pringles",
			"origin": [0, 0, 0],
			"color": 0,
			"nbt": "{}",
			"children": [35, 36, 37, 38, 39]
		},
		{
			"name": "Pringles",
			"origin": [0, 0, 0],
			"color": 0,
			"nbt": "{}",
			"children": [40, 41, 42, 43, 44]
		},
		{
			"name": "Pringles",
			"origin": [0, 0, 0],
			"color": 0,
			"nbt": "{}",
			"children": [45, 46, 47, 48, 49]
		},
		{
			"name": "Pringles",
			"origin": [0, 0, 0],
			"color": 0,
			"nbt": "{}",
			"children": [50, 51, 52, 53, 54]
		},
		{
			"name": "Pringles",
			"origin": [0, 0, 0],
			"color": 0,
			"nbt": "{}",
			"children": [55, 56, 57, 58, 59]
		},
		{
			"name": "Pringles",
			"origin": [0, 0, 0],
			"color": 0,
			"nbt": "{}",
			"children": [60, 61, 62, 63, 64]
		},
		{
			"name": "Pringles",
			"origin": [0, 0, 0],
			"color": 0,
			"nbt": "{}",
			"children": [65, 66, 67, 68, 69]
		},
		{
			"name": "Pringles",
			"origin": [0, 0, 0],
			"color": 0,
			"nbt": "{}",
			"children": [70, 71, 72, 73, 74]
		},
		{
			"name": "Pringles",
			"origin": [0, 0, 0],
			"color": 0,
			"nbt": "{}",
			"children": [75, 76, 77, 78, 79]
		},
		{
			"name": "Box",
			"origin": [0, 0, 0],
			"color": 0,
			"nbt": "{}",
			"children": [80, 81, 82, 83, 84, 85, 86, 87, 88, 89, 90]
		}
	]
}