{
	"credit": "Created with Blockbench",
	"texture_size": [128, 128],
	"textures": {
		"0": "sus_pringles",
		"particle": "sus_pringles"
	},
	"elements": [
		{
			"from": [5, 0, 5],
			"to": [11, 15, 11],
			"faces": {
				"north": {"uv": [3.75, 14.125, 4.5, 16], "texture": "#0"},
				"east": {"uv": [3.75, 14.125, 4.5, 16], "texture": "#0"},
				"south": {"uv": [3.75, 14.125, 4.5, 16], "texture": "#0"},
				"west": {"uv": [3.75, 14.125, 4.5, 16], "texture": "#0"},
				"up": {"uv": [3, 15.25, 3.75, 16], "texture": "#0"},
				"down": {"uv": [3, 14.5, 3.75, 15.25], "texture": "#0"}
			}
		},
		{
			"from": [3, 0, 5],
			"to": [5, 15, 11],
			"faces": {
				"north": {"uv": [2, 14.125, 2.25, 16], "texture": "#0"},
				"east": {"uv": [0.75, 14.125, 1.5, 16], "texture": "#0"},
				"south": {"uv": [1.75, 14.125, 2, 16], "texture": "#0"},
				"west": {"uv": [0.75, 14.125, 1.5, 16], "texture": "#0"},
				"up": {"uv": [1.5, 15.25, 1.75, 16], "texture": "#0"},
				"down": {"uv": [1.5, 14.5, 1.75, 15.25], "texture": "#0"}
			}
		},
		{
			"from": [11, 0, 5],
			"to": [13, 15, 11],
			"rotation": {"angle": 0, "axis": "y", "origin": [16, 0, 0]},
			"faces": {
				"north": {"uv": [2.25, 14.125, 2, 16], "texture": "#0"},
				"east": {"uv": [1.5, 14.125, 0.75, 16], "texture": "#0"},
				"south": {"uv": [2, 14.125, 1.75, 16], "texture": "#0"},
				"west": {"uv": [1.5, 14.125, 0.75, 16], "texture": "#0"},
				"up": {"uv": [1.75, 15.25, 1.5, 16], "texture": "#0"},
				"down": {"uv": [1.75, 14.5, 1.5, 15.25], "texture": "#0"}
			}
		},
		{
			"from": [5, 0, 3],
			"to": [11, 15, 5],
			"faces": {
				"north": {"uv": [3, 14.125, 2.25, 16], "texture": "#0"},
				"east": {"uv": [2, 14.125, 2.25, 16], "texture": "#0"},
				"south": {"uv": [3.75, 14.125, 4.5, 16], "texture": "#0"},
				"west": {"uv": [2, 14.125, 2.25, 16], "texture": "#0"},
				"up": {"uv": [1.5, 15.25, 1.75, 16], "rotation": 90, "texture": "#0"},
				"down": {"uv": [1.75, 14.5, 1.5, 15.25], "rotation": 90, "texture": "#0"}
			}
		},
		{
			"from": [5, 0, 11],
			"to": [11, 15, 13],
			"rotation": {"angle": 0, "axis": "y", "origin": [0, 0, 16]},
			"faces": {
				"north": {"uv": [0.75, 14.125, 0, 16], "texture": "#0"},
				"east": {"uv": [4, 14.125, 3.75, 16], "texture": "#0"},
				"south": {"uv": [0.75, 14.125, 0, 16], "texture": "#0"},
				"west": {"uv": [3.75, 14.125, 4, 16], "texture": "#0"},
				"up": {"uv": [1.75, 15.25, 1.5, 16], "rotation": 90, "texture": "#0"},
				"down": {"uv": [1.5, 14.5, 1.75, 15.25], "rotation": 90, "texture": "#0"}
			}
		}
	],
	"display": {
		"thirdperson_righthand": {
			"rotation": [0, 180, 0],
			"scale": [0.35, 0.35, 0.35]
		},
		"thirdperson_lefthand": {
			"rotation": [90, 180, 0],
			"translation": [0, -1.75, 14.75],
			"scale": [0.35, 0.35, 0.35]
		},
		"firstperson_righthand": {
			"rotation": [0, 13, 0],
			"translation": [3, 1, 0],
			"scale": [0.35, 0.35, 0.35]
		},
		"firstperson_lefthand": {
			"rotation": [0, 13, 0],
			"translation": [3, 1, 0],
			"scale": [0.35, 0.35, 0.35]
		},
		"ground": {
			"scale": [0.35, 0.35, 0.35]
		},
		"gui": {
			"rotation": [0, -15, 0],
			"scale": [0.75, 0.75, 0.75]
		},
		"head": {
			"rotation": [0, 180, 0],
			"translation": [0, 10.5, 0],
			"scale": [0.5, 0.5, 0.5]
		},
		"fixed": {
			"rotation": [-90, 180, 0],
			"translation": [0, 0, -5.5],
			"scale": [0.7, 0.7, 0.7]
		}
	}
}