{
	"credit": "Made with Blockbench",
	"texture_size": [32, 32],
	"textures": {
		"1": "pumpkin",
		"particle": "./farmer",
		"1_0": "./farmer"
	},
	"elements": [
		{
			"from": [3.25, 0, 3.25],
			"to": [12.75, 9.5, 12.75],
			"faces": {
				"north": {"uv": [0, 0, 8, 8], "texture": "#1"},
				"east": {"uv": [8, 0, 16, 8], "texture": "#1"},
				"south": {"uv": [8, 0, 16, 8], "texture": "#1"},
				"west": {"uv": [8, 0, 16, 8], "texture": "#1"},
				"up": {"uv": [0, 8, 8, 16], "texture": "#1"},
				"down": {"uv": [8, 8, 16, 16], "texture": "#1"}
			}
		},
		{
			"from": [-1, 7.5, -1],
			"to": [17, 7.5, 17],
			"faces": {
				"north": {"uv": [8, 14, 16, 14], "texture": "#missing"},
				"east": {"uv": [0, 14, 8, 14], "texture": "#1_0"},
				"south": {"uv": [24, 14, 32, 14], "texture": "#1_0"},
				"west": {"uv": [16, 14, 24, 14], "texture": "#1_0"},
				"up": {"uv": [8, 14, 0, 6], "texture": "#1_0"},
				"down": {"uv": [8, 6, 0, 14], "texture": "#1_0"}
			}
		},
		{
			"from": [3, 7.5, 3],
			"to": [13, 12, 13],
			"faces": {
				"north": {"uv": [4, 4, 8, 6], "texture": "#1_0"},
				"east": {"uv": [0, 4, 4, 6], "texture": "#1_0"},
				"south": {"uv": [12, 4, 16, 6], "texture": "#1_0"},
				"west": {"uv": [8, 4, 12, 6], "texture": "#1_0"},
				"up": {"uv": [8, 4, 4, 0], "texture": "#1_0"},
				"down": {"uv": [12, 0, 8, 4], "texture": "#1_0"}
			}
		}
	],
	"display": {
		"thirdperson_righthand": {
			"rotation": [75, 45, 0],
			"translation": [0, 2.5, 0],
			"scale": [0.375, 0.375, 0.375]
		},
		"thirdperson_lefthand": {
			"rotation": [75, 45, 0],
			"translation": [0, 2.5, 0],
			"scale": [0.375, 0.375, 0.375]
		},
		"firstperson_righthand": {
			"rotation": [0, 45, 0],
			"translation": [0, 3, 1],
			"scale": [0.4, 0.4, 0.4]
		},
		"firstperson_lefthand": {
			"rotation": [0, 225, 0],
			"translation": [0, 3, 1],
			"scale": [0.4, 0.4, 0.4]
		},
		"ground": {
			"scale": [0.25, 0.25, 0.25]
		},
		"gui": {
			"rotation": [30, 225, 0],
			"translation": [0, 1, 0],
			"scale": [0.625, 0.625, 0.625]
		},
		"head": {
			"translation": [0, 8, 0],
			"scale": [1.81, 1.81, 1.81]
		},
		"fixed": {
			"rotation": [-90, 0, 0],
			"translation": [0, 0, -16],
			"scale": [2, 2, 2]
		}
	},
	"groups": [
		0,
		{
			"name": "farmer",
			"origin": [8, 8, 8],
			"color": 0,
			"children": [1, 2]
		}
	]
}