{
	"credit": "Made with Blockbench",
	"texture_size": [32, 32],
	"textures": {
		"0": "./farmer",
		"particle": "./farmer"
	},
	"elements": [
		{
			"from": [0, 0, 0],
			"to": [16, 0, 16],
			"faces": {
				"north": {"uv": [8, 14, 16, 14], "texture": "#0"},
				"east": {"uv": [0, 14, 8, 14], "texture": "#0"},
				"south": {"uv": [24, 14, 32, 14], "texture": "#0"},
				"west": {"uv": [16, 14, 24, 14], "texture": "#0"},
				"up": {"uv": [8, 14, 0, 6], "texture": "#0"},
				"down": {"uv": [8, 6, 0, 14], "texture": "#0"}
			}
		},
		{
			"from": [4, 0, 4],
			"to": [12, 4, 12],
			"faces": {
				"north": {"uv": [4, 4, 8, 6], "texture": "#0"},
				"east": {"uv": [0, 4, 4, 6], "texture": "#0"},
				"south": {"uv": [12, 4, 16, 6], "texture": "#0"},
				"west": {"uv": [8, 4, 12, 6], "texture": "#0"},
				"up": {"uv": [8, 4, 4, 0], "texture": "#0"},
				"down": {"uv": [12, 0, 8, 4], "texture": "#0"}
			}
		}
	],
	"display": {
		"thirdperson_righthand": {
			"rotation": [75, 45, 0],
			"translation": [0, 2.5, 0],
			"scale": [0.375, 0.375, 0.375]
		},
		"thirdperson_lefthand": {
			"rotation": [75, 45, 0],
			"translation": [0, 2.5, 0],
			"scale": [0.375, 0.375, 0.375]
		},
		"firstperson_righthand": {
			"rotation": [0, 45, 0],
			"translation": [0, 4.5, 0],
			"scale": [0.4, 0.4, 0.4]
		},
		"firstperson_lefthand": {
			"rotation": [0, 225, 0],
			"translation": [0, 4.5, 0],
			"scale": [0.4, 0.4, 0.4]
		},
		"ground": {
			"translation": [0, 3, 0],
			"scale": [0.25, 0.25, 0.25]
		},
		"gui": {
			"rotation": [30, 225, 0],
			"scale": [0.625, 0.625, 0.625]
		},
		"head": {
			"translation": [0, 17, 0],
			"scale": [1.81, 1.81, 1.81]
		},
		"fixed": {
			"rotation": [-90, 0, 0],
			"translation": [0, 0, -16],
			"scale": [2, 2, 2]
		}
	}
}