{
	"credit": "Made with Blockbench",
	"texture_size": [32, 32],
	"textures": {
		"0": "bean_can",
		"particle": "bean_can"
	},
	"elements": [
		{
			"from": [6, 0, 5],
			"to": [10, 8, 11],
			"faces": {
				"north": {"uv": [3.5, 3.5, 5.5, 7.5], "texture": "#0"},
				"east": {"uv": [0, 3.5, 3, 7.5], "texture": "#0"},
				"south": {"uv": [9.5, 3.5, 11.5, 7.5], "texture": "#0"},
				"west": {"uv": [6, 3.5, 9, 7.5], "texture": "#0"},
				"up": {"uv": [5.5, 3, 3.5, 0], "texture": "#0"},
				"down": {"uv": [8.5, 0, 6.5, 3], "texture": "#0"}
			}
		},
		{
			"from": [5, 0, 6],
			"to": [11, 8, 10],
			"faces": {
				"north": {"uv": [3, 3.5, 6, 7.5], "texture": "#0"},
				"east": {"uv": [0.5, 3.5, 2.5, 7.5], "texture": "#0"},
				"south": {"uv": [9, 3.5, 12, 7.5], "texture": "#0"},
				"west": {"uv": [6.5, 3.5, 8.5, 7.5], "texture": "#0"},
				"up": {"uv": [6, 2.5, 3, 0.5], "texture": "#0"},
				"down": {"uv": [9, 0.5, 6, 2.5], "texture": "#0"}
			}
		}
	],
	"display": {
		"thirdperson_righthand": {
			"translation": [0, 4, 1.5],
			"scale": [0.5, 0.5, 0.5]
		},
		"thirdperson_lefthand": {
			"rotation": [0, 180, 0],
			"translation": [0, 4, 1.5],
			"scale": [0.5, 0.5, 0.5]
		},
		"firstperson_righthand": {
			"translation": [0, 1, 0]
		},
		"firstperson_lefthand": {
			"rotation": [0, 180, 0],
			"translation": [3, 5, 1],
			"scale": [0.6, 0.6, 0.6]
		},
		"ground": {
			"translation": [0, 5, 0]
		},
		"gui": {
			"rotation": [-160, 120, 180],
			"translation": [0, 3, 0]
		},
		"head": {
			"rotation": [0, -90, 0],
			"translation": [0, 14, 0]
		},
		"fixed": {
			"rotation": [-90, -90, 0],
			"translation": [0, 0, -12],
			"scale": [1.5, 1.5, 1.5]
		}
	}
}