{
	"credit": "Made with Blockbench",
	"textures": {
		"0": "elf_ears",
		"particle": "elf_ears"
	},
	"elements": [
		{
			"from": [14, 5, 6],
			"to": [17, 8, 7],
			"rotation": {"angle": -45, "axis": "y", "origin": [14, 5, 6]},
			"faces": {
				"north": {"uv": [4, 3, 5.5, 4.5], "texture": "#0"},
				"east": {"uv": [2, 3, 2.5, 4.5], "texture": "#0"},
				"south": {"uv": [9, 3, 10.5, 4.5], "rotation": 180, "texture": "#0"},
				"west": {"uv": [6, 3, 6.5, 4.5], "texture": "#0"},
				"up": {"uv": [4, 1, 5.5, 1.5], "texture": "#0"},
				"down": {"uv": [4, 5, 5.5, 5.5], "texture": "#0"}
			}
		},
		{
			"from": [16, 6, 5.5],
			"to": [18, 9, 6.5],
			"rotation": {"angle": -45, "axis": "y", "origin": [14, 5, 6]},
			"faces": {
				"north": {"uv": [3.5, 2.5, 4.5, 4], "texture": "#0"},
				"east": {"uv": [2, 2.5, 2.5, 4], "texture": "#0"},
				"south": {"uv": [8.5, 2.5, 9.5, 4], "rotation": 180, "texture": "#0"},
				"west": {"uv": [6, 2.5, 6.5, 4], "texture": "#0"},
				"up": {"uv": [3.5, 1, 4.5, 1.5], "texture": "#0"},
				"down": {"uv": [3.5, 5, 4.5, 5.5], "texture": "#0"}
			}
		},
		{
			"from": [18, 7, 5.5],
			"to": [19, 10, 6.5],
			"rotation": {"angle": -45, "axis": "y", "origin": [14, 5, 6]},
			"faces": {
				"north": {"uv": [3, 2, 3.5, 3.5], "texture": "#0"},
				"east": {"uv": [2, 2, 2.5, 3.5], "texture": "#0"},
				"south": {"uv": [8, 2, 8.5, 3.5], "rotation": 180, "texture": "#0"},
				"west": {"uv": [6, 2, 6.5, 3.5], "texture": "#0"},
				"up": {"uv": [3, 1, 3.5, 1.5], "texture": "#0"},
				"down": {"uv": [3, 5, 3.5, 5.5], "texture": "#0"}
			}
		},
		{
			"from": [-1, 5, 6],
			"to": [2, 8, 7],
			"rotation": {"angle": 45, "axis": "y", "origin": [2, 5, 6]},
			"faces": {
				"north": {"uv": [5.5, 3, 4, 4.5], "texture": "#0"},
				"east": {"uv": [6, 3, 6.5, 4.5], "texture": "#0"},
				"south": {"uv": [9, 3, 10.5, 4.5], "texture": "#0"},
				"west": {"uv": [2, 3, 2.5, 4.5], "texture": "#0"},
				"up": {"uv": [4, 1, 5.5, 1.5], "rotation": 180, "texture": "#0"},
				"down": {"uv": [4, 5, 5.5, 5.5], "rotation": 180, "texture": "#0"}
			}
		},
		{
			"from": [-2, 6, 5.5],
			"to": [0, 9, 6.5],
			"rotation": {"angle": 45, "axis": "y", "origin": [2, 5, 6]},
			"faces": {
				"north": {"uv": [4.5, 2.5, 3.5, 4], "texture": "#0"},
				"east": {"uv": [6, 2.5, 6.5, 4], "texture": "#0"},
				"south": {"uv": [8.5, 2.5, 9.5, 4], "texture": "#0"},
				"west": {"uv": [2, 2.5, 2.5, 4], "texture": "#0"},
				"up": {"uv": [3.5, 1, 4.5, 1.5], "rotation": 180, "texture": "#0"},
				"down": {"uv": [3.5, 5, 4.5, 5.5], "rotation": 180, "texture": "#0"}
			}
		},
		{
			"from": [-3, 7, 5.5],
			"to": [-2, 10, 6.5],
			"rotation": {"angle": 45, "axis": "y", "origin": [2, 5, 6]},
			"faces": {
				"north": {"uv": [3.5, 2, 3, 3.5], "texture": "#0"},
				"east": {"uv": [6, 2, 6.5, 3.5], "texture": "#0"},
				"south": {"uv": [8, 2, 8.5, 3.5], "texture": "#0"},
				"west": {"uv": [2, 2, 2.5, 3.5], "texture": "#0"},
				"up": {"uv": [3, 1, 3.5, 1.5], "rotation": 180, "texture": "#0"},
				"down": {"uv": [3, 5, 3.5, 5.5], "rotation": 180, "texture": "#0"}
			}
		}
	],
	"display": {
		"thirdperson_righthand": {
			"rotation": [0, 180, 0],
			"scale": [0.4, 0.4, 0.4]
		},
		"thirdperson_lefthand": {
			"rotation": [0, 180, 0],
			"scale": [0.4, 0.4, 0.4]
		},
		"ground": {
			"scale": [0.6, 0.6, 0.6]
		},
		"gui": {
			"rotation": [0, 90, 0],
			"scale": [1, 2, 2]
		},
		"head": {
			"scale": [1.15, 1.15, 1.15]
		},
		"fixed": {
			"rotation": [0, 180, 0]
		}
	},
	"groups": [
		{
			"name": "group",
			"origin": [8, 8, 8],
			"children": [0, 1, 2]
		},
		{
			"name": "group",
			"origin": [8, 8, 8],
			"children": [3, 4, 5]
		}
	]
}