{
	"credit": "Made with Blockbench",
	"texture_size": [32, 32],
	"textures": {
		"0": "postman",
		"particle": "postman"
	},
	"elements": [
		{
			"name": "brim",
			"from": [5, 5, 2],
			"to": [11, 6, 5],
			"rotation": {"angle": -22.5, "axis": "x", "origin": [8, 5, 2]},
			"faces": {
				"north": {"uv": [3, 10, 6, 10.5], "texture": "#0"},
				"east": {"uv": [7, 10, 8.5, 10.5], "texture": "#0"},
				"south": {"uv": [10, 3, 13, 3.5], "texture": "#0"},
				"west": {"uv": [10, 6.5, 11.5, 7], "texture": "#0"},
				"up": {"uv": [10, 2, 7, 0.5], "texture": "#0"},
				"down": {"uv": [10, 3.5, 7, 5], "texture": "#0"}
			}
		},
		{
			"name": "brim",
			"from": [5.05, 7, 3.55],
			"to": [10.95, 10.5, 5.05],
			"rotation": {"angle": -22.5, "axis": "x", "origin": [8, 8.95, 4.25]},
			"faces": {
				"north": {"uv": [7, 5, 10, 7], "texture": "#0"},
				"east": {"uv": [10, 4.5, 11, 6.5], "texture": "#0"},
				"south": {"uv": [4, 5, 7, 7], "texture": "#0"},
				"west": {"uv": [11, 4.5, 10, 6.5], "texture": "#0"},
				"up": {"uv": [13, 2, 10, 1], "texture": "#0"},
				"down": {"uv": [13, 2, 10, 3], "texture": "#0"}
			}
		},
		{
			"from": [5, 6.05, 4],
			"to": [11, 8.05, 10],
			"rotation": {"angle": 0, "axis": "y", "origin": [4, 5, 2]},
			"faces": {
				"north": {"uv": [0, 9.5, 3, 11.5], "texture": "#0"},
				"east": {"uv": [7, 7.5, 4, 9.5], "texture": "#0"},
				"south": {"uv": [10, 0, 13, 1], "texture": "#0"},
				"west": {"uv": [4, 7.5, 7, 9.5], "texture": "#0"},
				"up": {"uv": [7, 4, 4, 0], "texture": "#0"},
				"down": {"uv": [4, 4, 0, 8], "texture": "#0"}
			}
		},
		{
			"from": [4, 7.15, 4.05],
			"to": [12, 9.15, 12.05],
			"rotation": {"angle": 22.5, "axis": "x", "origin": [8, 9, 8]},
			"faces": {
				"north": {"uv": [0, 3, 4, 4], "texture": "#0"},
				"east": {"uv": [0, 3, 4, 4], "texture": "#0"},
				"south": {"uv": [0, 3, 4, 4], "texture": "#0"},
				"west": {"uv": [0, 3, 4, 4], "texture": "#0"},
				"up": {"uv": [4, 4, 0, 0], "texture": "#0"},
				"down": {"uv": [4, 4, 0, 8], "texture": "#0"}
			}
		}
	],
	"display": {
		"gui": {
			"rotation": [30, 150, 0]
		},
		"head": {
			"translation": [0, 8.5, 0],
			"scale": [2, 2, 2]
		},
		"fixed": {
			"scale": [2, 2, 2]
		}
	}
}