{
	"credit": "Made with Blockbench",
	"textures": {
		"1": "jelly2",
		"2": "jelly4"
	},
	"elements": [
		{
			"from": [2, 0, 2],
			"to": [14, 12, 14],
			"faces": {
				"north": {"uv": [2.81446, 2.80759, 12.80798, 13.41687], "texture": "#2"},
				"east": {"uv": [2.55418, 3.13114, 12.57441, 13.3755], "texture": "#1"},
				"south": {"uv": [2.85301, 2.7759, 13.00241, 13.50361], "texture": "#2"},
				"west": {"uv": [2.49474, 3.06589, 12.68434, 13.38795], "texture": "#1"},
				"up": {"uv": [2.2747, 0, 13.81205, 4.40482], "texture": "#2"},
				"down": {"uv": [2.85301, 13.0988, 12.96386, 16], "texture": "#2"}
			}
		}
	],
	"display": {
		"head": {
			"translation": [0, 2.5, 0],
			"scale": [1.1, 1.1, 1.1]
		},
		"fixed": {
			"rotation": [0, 180, 0],
			"translation": [0, 0, -16.75],
			"scale": [1.75, 1.75, 1.75]
		}
	}
}