{
	"credit": "Made with Blockbench",
	"parent": "item/generated",
	"textures": {
		"layer0": "map"
	},
	"display": {
		"thirdperson_righthand": {
			"scale": [0.5, 0.5, 0.5]
		},
		"thirdperson_lefthand": {
			"scale": [0.5, 0.5, 0.5]
		},
		"firstperson_righthand": {
			"rotation": [0, -22, 0],
			"translation": [3.75, 8, 1.25]
		},
		"ground": {
			"rotation": [90, -180, 0],
			"translation": [0, -3, 0],
			"scale": [0.5, 0.5, 0.5]
		},
		"gui": {
			"scale": [0.75, 0.75, 0.75]
		},
		"head": {
			"translation": [0, 0, -7]
		},
		"fixed": {
			"rotation": [0, -180, 0],
			"translation": [-16, 16, -1],
			"scale": [4, 4, 2]
		}
	}
}